timeOpen;timeClose;timeHigh;timeLow;open;high;low;close;volume;marketCap;timestamp
"2018-12-30T00:00:00.000Z";"2018-12-30T23:59:59.999Z";"2018-12-30T00:17:06.000Z";"2018-12-30T19:47:04.000Z";1.0305140398;1.0352728735;1.0163929516;1.0190858705;3762583033.15;1893629500.49846;"2018-12-30T23:59:59.999Z"
"2018-12-29T00:00:00.000Z";"2018-12-29T23:59:59.999Z";"2018-12-29T23:48:00.000Z";"2018-12-29T21:19:02.000Z";1.0239528243;1.0486951489;1.0156174487;1.0314726081;4372940348.22;1916646100.40582;"2018-12-29T23:59:59.999Z"
"2018-12-28T00:00:00.000Z";"2018-12-28T23:59:59.999Z";"2018-12-28T22:34:02.000Z";"2018-12-28T15:39:03.000Z";1.0225739778;1.0321456772;0.9970924764;1.0231604439;4639997631.21;1901200729.37757;"2018-12-28T23:59:59.999Z"
"2018-12-27T00:00:00.000Z";"2018-12-27T23:59:59.999Z";"2018-12-27T19:09:02.000Z";"2018-12-27T11:58:01.000Z";1.023169462;1.0434922997;1.0158001566;1.024173907;3977540744.41;1901298702.01406;"2018-12-27T23:59:59.999Z"
"2018-12-26T00:00:00.000Z";"2018-12-26T23:59:59.999Z";"2018-12-26T14:44:07.000Z";"2018-12-26T19:08:02.000Z";1.0219434656;1.0323295002;1.0117072317;1.0195496922;4461185015.67;1892714209.14914;"2018-12-26T23:59:59.999Z"
"2018-12-25T00:00:00.000Z";"2018-12-25T23:59:59.999Z";"2018-12-25T00:23:04.000Z";"2018-12-25T09:55:02.000Z";1.017005646;1.0328852367;1.0089051502;1.019049879;5493940636.93;1891786345.07948;"2018-12-25T23:59:59.999Z"
"2018-12-24T00:00:00.000Z";"2018-12-24T23:59:59.999Z";"2018-12-24T16:02:05.000Z";"2018-12-24T00:48:06.000Z";1.0160578383;1.0306911153;1.004486087;1.0157767644;6912098933.11;1885710063.90003;"2018-12-24T23:59:59.999Z"
"2018-12-23T00:00:00.000Z";"2018-12-23T23:59:59.999Z";"2018-12-23T15:04:02.000Z";"2018-12-23T00:58:02.000Z";1.0153610485;1.0263759915;1.0123148854;1.0159549508;5243877297.52;1886040853.0988;"2018-12-23T23:59:59.999Z"
"2018-12-22T00:00:00.000Z";"2018-12-22T23:59:59.999Z";"2018-12-22T16:11:03.000Z";"2018-12-22T16:38:04.000Z";1.0115603568;1.0211696268;1.0087496462;1.0208057406;4244056323.13;1895045964.64421;"2018-12-22T23:59:59.999Z"
"2018-12-21T00:00:00.000Z";"2018-12-21T23:59:59.999Z";"2018-12-21T02:11:03.000Z";"2018-12-21T21:43:01.000Z";1.0231340228;1.0283776515;1.0080385078;1.0155063786;5957952407.51;1885208113.95385;"2018-12-21T23:59:59.999Z"
"2018-12-20T00:00:00.000Z";"2018-12-20T23:59:59.999Z";"2018-12-20T20:11:02.000Z";"2018-12-20T08:22:04.000Z";1.0240241042;1.0350002634;1.0123097558;1.0194172045;6967777735.03;1892468256.0846;"2018-12-20T23:59:59.999Z"
"2018-12-19T00:00:00.000Z";"2018-12-19T23:59:59.999Z";"2018-12-19T15:37:04.000Z";"2018-12-19T11:51:02.000Z";1.010798418;1.0234778065;1.0096153813;1.0223623026;5315586579.32;1897935600.3038;"2018-12-19T23:59:59.999Z"
"2018-12-18T00:00:00.000Z";"2018-12-18T23:59:59.999Z";"2018-12-18T08:32:03.000Z";"2018-12-18T23:15:05.000Z";1.0098494489;1.0163572201;1.0022541637;1.0128679029;4567397831.58;1880309990.20407;"2018-12-18T23:59:59.999Z"
"2018-12-17T00:00:00.000Z";"2018-12-17T23:59:59.999Z";"2018-12-17T21:21:02.000Z";"2018-12-17T12:15:03.000Z";1.0069683687;1.0153794425;0.9954314554;1.0099408515;3775394829.58;1874876148.40095;"2018-12-17T23:59:59.999Z"
"2018-12-16T00:00:00.000Z";"2018-12-16T23:59:59.999Z";"2018-12-16T16:41:04.000Z";"2018-12-16T02:29:06.000Z";1.0050198047;1.0108401962;0.9970298254;1.0063361287;2322330505.45;1868184262.64413;"2018-12-16T23:59:59.999Z"
"2018-12-15T00:00:00.000Z";"2018-12-15T23:59:59.999Z";"2018-12-15T15:14:05.000Z";"2018-12-15T14:32:04.000Z";1.0036968236;1.0083328481;0.9986226356;1.0049894347;2191631708.36;1865684230.68699;"2018-12-15T23:59:59.999Z"
"2018-12-14T00:00:00.000Z";"2018-12-14T23:59:59.999Z";"2018-12-14T16:39:03.000Z";"2018-12-14T10:17:04.000Z";1.0031716065;1.008387305;0.996187483;1.0021972191;2751719688.63;1860500700.84521;"2018-12-14T23:59:59.999Z"
"2018-12-13T00:00:00.000Z";"2018-12-13T23:59:59.999Z";"2018-12-13T02:02:04.000Z";"2018-12-13T12:24:04.000Z";1.0103159235;1.0128854559;0.996698528;1.0033778532;2657124589.3;1862692455.66884;"2018-12-13T23:59:59.999Z"
"2018-12-12T00:00:00.000Z";"2018-12-12T23:59:59.999Z";"2018-12-12T15:04:00.000Z";"2018-12-12T12:51:02.000Z";1.0142861224;1.0175568517;1.0064156082;1.0097561336;2623601152.12;1874533234.07643;"2018-12-12T23:59:59.999Z"
"2018-12-11T00:00:00.000Z";"2018-12-11T23:59:59.999Z";"2018-12-11T02:06:04.000Z";"2018-12-11T13:16:01.000Z";1.0178237707;1.0216222317;1.0051303775;1.0097940156;3002221768.02;1874603559.08175;"2018-12-11T23:59:59.999Z"
"2018-12-10T00:00:00.000Z";"2018-12-10T23:59:59.999Z";"2018-12-10T06:14:01.000Z";"2018-12-10T16:06:02.000Z";1.0151802061;1.0237293821;1.0118075968;1.0166042894;3208473004.1;1887246299.40818;"2018-12-10T23:59:59.999Z"
"2018-12-09T00:00:00.000Z";"2018-12-09T23:59:59.999Z";"2018-12-09T11:36:04.000Z";"2018-12-09T11:40:03.000Z";1.0171107024;1.0204049963;1.0085433787;1.0155021257;3210392368.53;1885200218.75929;"2018-12-09T23:59:59.999Z"
"2018-12-08T00:00:00.000Z";"2018-12-08T23:59:59.999Z";"2018-12-08T21:44:02.000Z";"2018-12-08T00:51:01.000Z";1.0023061679;1.0215063597;0.9967444383;1.0199754506;3700874976.48;1893504596.29703;"2018-12-08T23:59:59.999Z"
"2018-12-07T00:00:00.000Z";"2018-12-07T23:59:59.999Z";"2018-12-07T16:22:03.000Z";"2018-12-07T19:15:03.000Z";0.9988031845;1.0139405253;0.9907591422;1.0014312169;4636871756.08;1859078677.73016;"2018-12-07T23:59:59.999Z"
"2018-12-06T00:00:00.000Z";"2018-12-06T23:59:59.999Z";"2018-12-06T23:52:01.000Z";"2018-12-06T14:54:01.000Z";0.9913971665;1.0051441279;0.9820764184;0.9982960208;3702066873.22;1853258431.55953;"2018-12-06T23:59:59.999Z"
"2018-12-05T00:00:00.000Z";"2018-12-05T23:59:59.999Z";"2018-12-05T02:06:02.000Z";"2018-12-05T17:19:02.000Z";1.0008217161;1.0043137111;0.9867423694;0.9929658434;3119796460.77;1843363374.47968;"2018-12-05T23:59:59.999Z"
"2018-12-04T00:00:00.000Z";"2018-12-04T23:59:59.999Z";"2018-12-04T06:04:05.000Z";"2018-12-04T06:09:01.000Z";0.9953311534;1.0072904927;0.9840136392;1.0000310016;3048831081.13;1856479287.61269;"2018-12-04T23:59:59.999Z"
"2018-12-03T00:00:00.000Z";"2018-12-03T23:59:59.999Z";"2018-12-03T15:03:03.000Z";"2018-12-03T09:01:02.000Z";0.9966758181;1.0109314211;0.9890482623;0.9965938129;3069963646.02;1850098415.92123;"2018-12-03T23:59:59.999Z"
"2018-12-02T00:00:00.000Z";"2018-12-02T23:59:59.999Z";"2018-12-02T05:07:04.000Z";"2018-12-02T12:06:05.000Z";0.9998414516;1.003751687;0.9933509826;0.9983716634;3221855294.29;1853398856.14673;"2018-12-02T23:59:59.999Z"
"2018-12-01T00:00:00.000Z";"2018-12-01T23:59:59.999Z";"2018-12-01T21:18:02.000Z";"2018-12-01T10:19:04.000Z";0.9949610642;1.0158947175;0.9822133846;1.0010522828;3306556081.12;1858375216.23055;"2018-12-01T23:59:59.999Z"
"2018-11-30T00:00:00.000Z";"2018-11-30T23:59:59.999Z";"2018-11-30T07:05:03.000Z";"2018-11-30T12:52:04.000Z";0.996602645;1.0050135105;0.9865168906;0.9918225919;4065662222.09;1841241017.54765;"2018-11-30T23:59:59.999Z"
"2018-11-29T00:00:00.000Z";"2018-11-29T23:59:59.999Z";"2018-11-29T12:59:02.000Z";"2018-11-29T21:33:02.000Z";0.995164454;1.0064042178;0.9920572384;0.9973771008;4348557870.97;1851552528.55949;"2018-11-29T23:59:59.999Z"
"2018-11-28T00:00:00.000Z";"2018-11-28T23:59:59.999Z";"2018-11-28T20:04:03.000Z";"2018-11-28T12:57:03.000Z";0.98332;1.00637;0.980093;0.998622;4765620000;1853863586.47261;"2018-11-28T23:59:59.999Z"
"2018-11-27T00:00:00.000Z";"2018-11-27T23:59:59.999Z";"2018-11-27T10:19:04.000Z";"2018-11-27T10:24:04.000Z";0.978976;0.991699;0.966279;0.98426;4071230000;1827201657.50557;"2018-11-27T23:59:59.999Z"
"2018-11-26T00:00:00.000Z";"2018-11-26T23:59:59.999Z";"2018-11-26T13:55:03.000Z";"2018-11-26T16:47:02.000Z";0.975026;0.992572;0.96792;0.977243;4696030000;1814175146.1867;"2018-11-26T23:59:59.999Z"
"2018-11-25T00:00:00.000Z";"2018-11-25T23:59:59.999Z";"2018-11-25T03:46:02.000Z";"2018-11-25T11:05:00.000Z";0.978475;0.990603;0.961215;0.980969;5223930000;1821092173.57363;"2018-11-25T23:59:59.999Z"
"2018-11-24T00:00:00.000Z";"2018-11-24T23:59:59.999Z";"2018-11-24T21:23:02.000Z";"2018-11-24T22:41:04.000Z";0.98185;0.993022;0.964871;0.980224;3549490000;1770697939.38059;"2018-11-24T23:59:59.999Z"
"2018-11-23T00:00:00.000Z";"2018-11-23T23:59:59.999Z";"2018-11-23T01:20:00.000Z";"2018-11-23T09:03:04.000Z";0.990912;1.0014;0.975762;0.98257;3775250000;1774935804.77237;"2018-11-23T23:59:59.999Z"
"2018-11-22T00:00:00.000Z";"2018-11-22T23:59:59.999Z";"2018-11-22T23:28:00.000Z";"2018-11-22T02:00:01.000Z";0.984784;0.999798;0.980565;0.998188;3287830000;1803148499.43935;"2018-11-22T23:59:59.999Z"
"2018-11-21T00:00:00.000Z";"2018-11-21T23:59:59.999Z";"2018-11-21T13:55:03.000Z";"2018-11-21T02:19:01.000Z";0.973448;0.996446;0.964658;0.987504;4348950000;1783848689.61594;"2018-11-21T23:59:59.999Z"
"2018-11-20T00:00:00.000Z";"2018-11-20T23:59:59.999Z";"2018-11-20T08:07:00.000Z";"2018-11-20T09:04:00.000Z";0.977554;0.993013;0.950014;0.968799;5908970000;1750059571.05109;"2018-11-20T23:59:59.999Z"
"2018-11-19T00:00:00.000Z";"2018-11-19T23:59:59.999Z";"2018-11-19T05:51:05.000Z";"2018-11-19T21:55:01.000Z";0.993963;1.00462;0.976188;0.98273;5189080000;1726088332.25007;"2018-11-19T23:59:59.999Z"
"2018-11-18T00:00:00.000Z";"2018-11-18T23:59:59.999Z";"2018-11-18T23:34:00.000Z";"2018-11-18T19:03:00.000Z";0.985216;0.99497;0.983333;0.992533;3037000000;1743306534.52439;"2018-11-18T23:59:59.999Z"
"2018-11-17T00:00:00.000Z";"2018-11-17T23:59:59.999Z";"2018-11-17T02:47:02.000Z";"2018-11-17T17:02:03.000Z";0.989956;0.992895;0.984771;0.985869;2909490000;1731601740.07819;"2018-11-17T23:59:59.999Z"
"2018-11-16T00:00:00.000Z";"2018-11-16T23:59:59.999Z";"2018-11-16T09:49:31.000Z";"2018-11-16T00:18:03.000Z";0.983179;0.992339;0.979035;0.987027;3454560000;1684284326.44805;"2018-11-16T23:59:59.999Z"
"2018-11-15T00:00:00.000Z";"2018-11-15T23:59:59.999Z";"2018-11-15T10:18:30.000Z";"2018-11-15T15:15:03.000Z";0.972578;0.992574;0.962447;0.982022;4956910000;1675743685.66125;"2018-11-15T23:59:59.999Z"
"2018-11-14T00:00:00.000Z";"2018-11-14T23:59:59.999Z";"2018-11-14T16:33:01.000Z";"2018-11-14T20:43:02.000Z";0.9832;1.00305;0.964191;0.966644;4749050000;1649502332.21082;"2018-11-14T23:59:59.999Z"
"2018-11-13T00:00:00.000Z";"2018-11-13T23:59:59.999Z";"2018-11-13T01:40:04.000Z";"2018-11-13T23:22:07.000Z";0.987837;0.994797;0.97994;0.985118;2679670000;1681026767.35474;"2018-11-13T23:59:59.999Z"
"2018-11-12T00:00:00.000Z";"2018-11-12T23:59:59.999Z";"2018-11-12T06:52:00.000Z";"2018-11-12T23:55:01.000Z";0.990272;0.997591;0.9872;0.989148;2716680000;1687903646.94931;"2018-11-12T23:59:59.999Z"
"2018-11-11T00:00:00.000Z";"2018-11-11T23:59:59.999Z";"2018-11-11T13:47:14.000Z";"2018-11-11T23:51:00.000Z";0.997203;1.00027;0.990462;0.990462;2634060000;1690145885.10992;"2018-11-11T23:59:59.999Z"
"2018-11-10T00:00:00.000Z";"2018-11-10T23:59:59.999Z";"2018-11-10T01:42:03.000Z";"2018-11-10T13:10:01.000Z";0.995397;0.998994;0.990663;0.99718;2558040000;1771412226.32984;"2018-11-10T23:59:59.999Z"
"2018-11-09T00:00:00.000Z";"2018-11-09T23:59:59.999Z";"2018-11-09T13:44:00.000Z";"2018-11-09T06:45:00.000Z";0.994384;0.999944;0.98875;0.994832;2643090000;1767241188.09459;"2018-11-09T23:59:59.999Z"
"2018-11-08T00:00:00.000Z";"2018-11-08T23:59:59.999Z";"2018-11-08T16:05:00.000Z";"2018-11-08T13:24:04.000Z";0.992254;0.999743;0.989538;0.994333;2951660000;1766354753.64852;"2018-11-08T23:59:59.999Z"
"2018-11-07T00:00:00.000Z";"2018-11-07T23:59:59.999Z";"2018-11-07T15:33:00.000Z";"2018-11-07T00:27:00.000Z";0.993524;0.998494;0.989453;0.99327;3266710000;1764466417.34355;"2018-11-07T23:59:59.999Z"
"2018-11-06T00:00:00.000Z";"2018-11-06T23:59:59.999Z";"2018-11-06T05:01:02.000Z";"2018-11-06T13:21:02.000Z";0.994805;0.996876;0.987816;0.992796;3076640000;1765260477.86;"2018-11-06T23:59:59.999Z"
"2018-11-05T00:00:00.000Z";"2018-11-05T23:59:59.999Z";"2018-11-05T02:02:09.000Z";"2018-11-05T00:52:09.000Z";0.989849;1.00721;0.989849;0.993176;2757810000;1764299433.7;"2018-11-05T23:59:59.999Z"
"2018-11-04T00:00:00.000Z";"2018-11-04T23:59:59.999Z";"2018-11-04T05:28:08.000Z";"2018-11-04T18:30:08.000Z";0.99902;1.00154;0.945723;0.988708;2955200000;1756362381.39;"2018-11-04T23:59:59.999Z"
"2018-11-03T00:00:00.000Z";"2018-11-03T23:59:59.999Z";"2018-11-03T09:39:09.000Z";"2018-11-03T00:05:08.000Z";0.993098;1.00605;0.992882;0.999433;2117390000;1775414504.5;"2018-11-03T23:59:59.999Z"
"2018-11-02T00:00:00.000Z";"2018-11-02T23:59:59.999Z";"2018-11-02T19:21:05.000Z";"2018-11-02T15:10:05.000Z";0.990714;0.996147;0.976929;0.993501;2373920000;1764876770.76;"2018-11-02T23:59:59.999Z"
"2018-11-01T00:00:00.000Z";"2018-11-01T23:59:59.999Z";"2018-11-01T04:34:03.000Z";"2018-11-01T00:19:03.000Z";0.987386;1.01788;0.987285;0.99172;2043660000;1761712963.65;"2018-11-01T23:59:59.999Z"
"2018-10-31T00:00:00.000Z";"2018-10-31T23:59:59.999Z";"2018-10-31T15:03:07.000Z";"2018-10-31T15:58:04.000Z";0.998544;1.01124;0.983885;0.988122;2152470000;1755321398.25;"2018-10-31T23:59:59.999Z"
"2018-10-30T00:00:00.000Z";"2018-10-30T23:59:59.999Z";"2018-10-30T22:20:01.000Z";"2018-10-30T02:34:00.000Z";0.995925;0.999797;0.984211;0.996671;1983070000;1820341577.67;"2018-10-30T23:59:59.999Z"
"2018-10-29T00:00:00.000Z";"2018-10-29T23:59:59.999Z";"2018-10-29T12:41:00.000Z";"2018-10-29T13:15:04.000Z";0.996364;1.00551;0.991676;0.996859;2296810000;1920370844.95;"2018-10-29T23:59:59.999Z"
"2018-10-28T00:00:00.000Z";"2018-10-28T23:59:59.999Z";"2018-10-28T16:03:03.000Z";"2018-10-28T05:54:00.000Z";0.995223;0.998892;0.991548;0.998453;1729890000;1923441561.2;"2018-10-28T23:59:59.999Z"
"2018-10-27T00:00:00.000Z";"2018-10-27T23:59:59.999Z";"2018-10-27T18:50:00.000Z";"2018-10-27T01:15:05.000Z";0.987778;0.997335;0.987005;0.993097;1671750000;1913123646.38;"2018-10-27T23:59:59.999Z"
"2018-10-26T00:00:00.000Z";"2018-10-26T23:59:59.999Z";"2018-10-26T14:15:01.000Z";"2018-10-26T08:51:02.000Z";0.988571;0.990475;0.981313;0.989789;1881270000;1906751043.28;"2018-10-26T23:59:59.999Z"
"2018-10-25T00:00:00.000Z";"2018-10-25T23:59:59.999Z";"2018-10-25T02:00:02.000Z";"2018-10-25T11:30:03.000Z";0.990443;0.99149;0.984888;0.988791;1677800000;1904828474.39;"2018-10-25T23:59:59.999Z"
"2018-10-24T00:00:00.000Z";"2018-10-24T23:59:59.999Z";"2018-10-24T04:11:02.000Z";"2018-10-24T05:01:02.000Z";0.986011;0.988612;0.982466;0.988612;1781560000;2003344844.9;"2018-10-24T23:59:59.999Z"
"2018-10-23T00:00:00.000Z";"2018-10-23T23:59:59.999Z";"2018-10-23T23:59:00.000Z";"2018-10-23T23:48:00.000Z";0.984913;0.990374;0.982528;0.987962;2111740000;2002027670.77;"2018-10-23T23:59:59.999Z"
"2018-10-22T00:00:00.000Z";"2018-10-22T23:59:59.999Z";"2018-10-22T13:19:03.000Z";"2018-10-22T06:24:04.000Z";0.985726;0.99521;0.976333;0.983998;2213350000;2043194835.01;"2018-10-22T23:59:59.999Z"
"2018-10-21T00:00:00.000Z";"2018-10-21T23:59:59.999Z";"2018-10-21T12:04:02.000Z";"2018-10-21T01:24:05.000Z";0.984348;0.988854;0.974997;0.983548;2188330000;2042260445.23;"2018-10-21T23:59:59.999Z"
"2018-10-20T00:00:00.000Z";"2018-10-20T23:59:59.999Z";"2018-10-20T00:24:03.000Z";"2018-10-20T22:34:07.000Z";0.988241;0.990877;0.977601;0.983831;2094040000;2042848072.58;"2018-10-20T23:59:59.999Z"
"2018-10-19T00:00:00.000Z";"2018-10-19T23:59:59.999Z";"2018-10-19T23:54:02.000Z";"2018-10-19T01:09:00.000Z";0.981291;0.989284;0.978021;0.987712;2322570000;2050906665.34;"2018-10-19T23:59:59.999Z"
"2018-10-18T00:00:00.000Z";"2018-10-18T23:59:59.999Z";"2018-10-18T22:14:02.000Z";"2018-10-18T03:29:00.000Z";0.972522;0.985084;0.967321;0.980858;2485030000;2085717770.76;"2018-10-18T23:59:59.999Z"
"2018-10-17T00:00:00.000Z";"2018-10-17T23:59:59.999Z";"2018-10-17T00:24:01.000Z";"2018-10-17T14:44:02.000Z";0.977078;0.97869;0.966323;0.971225;2569210000;2142931950.18;"2018-10-17T23:59:59.999Z"
"2018-10-16T00:00:00.000Z";"2018-10-16T23:59:59.999Z";"2018-10-16T16:14:04.000Z";"2018-10-16T05:54:05.000Z";0.979243;0.985358;0.969406;0.975152;2585550000;2200354168.34;"2018-10-16T23:59:59.999Z"
"2018-10-15T00:00:00.000Z";"2018-10-15T23:59:59.999Z";"2018-10-15T00:04:00.000Z";"2018-10-15T06:49:01.000Z";0.993084;0.993084;0.925284;0.980138;5891700000;2456639187.11;"2018-10-15T23:59:59.999Z"
"2018-10-14T00:00:00.000Z";"2018-10-14T23:59:59.999Z";"2018-10-14T23:44:00.000Z";"2018-10-14T19:24:03.000Z";0.987869;0.995905;0.984209;0.98957;2008170000;2480279756.92;"2018-10-14T23:59:59.999Z"
"2018-10-13T00:00:00.000Z";"2018-10-13T23:59:59.999Z";"2018-10-13T03:39:00.000Z";"2018-10-13T22:39:01.000Z";0.995036;0.995455;0.98494;0.988046;1961540000;2674069170.2;"2018-10-13T23:59:59.999Z"
"2018-10-12T00:00:00.000Z";"2018-10-12T23:59:59.999Z";"2018-10-12T00:04:01.000Z";"2018-10-12T06:09:01.000Z";0.998704;0.998704;0.98367;0.994102;2962380000;2690459260.23;"2018-10-12T23:59:59.999Z"
"2018-10-11T00:00:00.000Z";"2018-10-11T23:59:59.999Z";"2018-10-11T01:14:00.000Z";"2018-10-11T20:49:02.000Z";0.992934;1.01755;0.987252;0.993026;3772600000;2687547150.44;"2018-10-11T23:59:59.999Z"
"2018-10-10T00:00:00.000Z";"2018-10-10T23:59:59.999Z";"2018-10-10T03:29:05.000Z";"2018-10-10T18:59:03.000Z";0.995332;1.00183;0.990803;0.993502;2295300000;2688835407.19;"2018-10-10T23:59:59.999Z"
"2018-10-09T00:00:00.000Z";"2018-10-09T23:59:59.999Z";"2018-10-09T01:14:01.000Z";"2018-10-09T18:04:01.000Z";0.996374;0.999826;0.991899;0.996779;2183500000;2697704351.21;"2018-10-09T23:59:59.999Z"
"2018-10-08T00:00:00.000Z";"2018-10-08T23:59:59.999Z";"2018-10-08T12:59:01.000Z";"2018-10-08T11:04:02.000Z";0.996229;1.00011;0.990055;0.995814;2594100000;2794674054.24;"2018-10-08T23:59:59.999Z"
"2018-10-07T00:00:00.000Z";"2018-10-07T23:59:59.999Z";"2018-10-07T08:09:02.000Z";"2018-10-07T23:34:06.000Z";0.997938;1.00375;0.992553;0.996617;2187670000;2796927610.89;"2018-10-07T23:59:59.999Z"
"2018-10-06T00:00:00.000Z";"2018-10-06T23:59:59.999Z";"2018-10-06T11:34:01.000Z";"2018-10-06T10:39:05.000Z";0.996503;1.00423;0.995775;0.997177;2238520000;2798499207.06;"2018-10-06T23:59:59.999Z"
"2018-10-05T00:00:00.000Z";"2018-10-05T23:59:59.999Z";"2018-10-05T02:09:00.000Z";"2018-10-05T22:09:01.000Z";0.996195;1.00321;0.989995;0.995778;2330830000;2794573023.06;"2018-10-05T23:59:59.999Z"
"2018-10-04T00:00:00.000Z";"2018-10-04T23:59:59.999Z";"2018-10-04T21:24:02.000Z";"2018-10-04T01:09:03.000Z";0.99834;1.00306;0.988396;0.996185;2374680000;2795715236.7;"2018-10-04T23:59:59.999Z"
"2018-10-03T00:00:00.000Z";"2018-10-03T23:59:59.999Z";"2018-10-03T02:29:00.000Z";"2018-10-03T12:29:04.000Z";1.00387;1.00907;0.991395;0.998569;2812780000;2802405746.12;"2018-10-03T23:59:59.999Z"
"2018-10-02T00:00:00.000Z";"2018-10-02T23:59:59.999Z";"2018-10-02T23:54:06.000Z";"2018-10-02T01:54:03.000Z";0.99538;1.0047;0.993995;0.999741;2818190000;2805694872.39;"2018-10-02T23:59:59.999Z"
"2018-10-01T00:00:00.000Z";"2018-10-01T23:59:59.999Z";"2018-10-01T14:09:02.000Z";"2018-10-01T16:44:01.000Z";0.996818;1.00919;0.993728;0.997925;3069480000;2800598410.52;"2018-10-01T23:59:59.999Z"
"2018-09-30T00:00:00.000Z";"2018-09-30T23:59:59.999Z";"2018-09-30T20:34:02.000Z";"2018-09-30T10:34:01.000Z";1.00152;1.00765;0.991041;1.00036;3307320000;2807432047.45;"2018-09-30T23:59:59.999Z"
"2018-09-29T00:00:00.000Z";"2018-09-29T23:59:59.999Z";"2018-09-29T01:39:03.000Z";"2018-09-29T09:19:04.000Z";1.0023;1.00625;0.990836;0.999602;3249000000;2805304779.77;"2018-09-29T23:59:59.999Z"
"2018-09-28T00:00:00.000Z";"2018-09-28T23:59:59.999Z";"2018-09-28T19:24:03.000Z";"2018-09-28T19:49:03.000Z";0.994787;1.0135;0.988149;1.00142;3447280000;2810406854.49;"2018-09-28T23:59:59.999Z"
"2018-09-27T00:00:00.000Z";"2018-09-27T23:59:59.999Z";"2018-09-27T08:14:03.000Z";"2018-09-27T19:54:01.000Z";1.00129;1.0086;0.977865;0.997107;3408680000;2798302757.54;"2018-09-27T23:59:59.999Z"
"2018-09-26T00:00:00.000Z";"2018-09-26T23:59:59.999Z";"2018-09-26T21:39:03.000Z";"2018-09-26T14:59:02.000Z";1.00224;1.00995;0.990897;1.00213;3380990000;2812399413.92;"2018-09-26T23:59:59.999Z"
"2018-09-25T00:00:00.000Z";"2018-09-25T23:59:59.999Z";"2018-09-25T00:19:07.000Z";"2018-09-25T12:49:00.000Z";1.00536;1.0114;0.99306;1.00044;3572280000;2807656561.19;"2018-09-25T23:59:59.999Z"
"2018-09-24T00:00:00.000Z";"2018-09-24T23:59:59.999Z";"2018-09-24T06:44:03.000Z";"2018-09-24T07:19:07.000Z";0.999409;1.0131;0.994282;1.00063;2852810000;2808189781.32;"2018-09-24T23:59:59.999Z"
"2018-09-23T00:00:00.000Z";"2018-09-23T23:59:59.999Z";"2018-09-23T14:54:00.000Z";"2018-09-23T09:49:03.000Z";0.996163;1.00975;0.992725;0.999512;2804770000;2805052201.82;"2018-09-23T23:59:59.999Z"
"2018-09-22T00:00:00.000Z";"2018-09-22T23:59:59.999Z";"2018-09-22T18:14:04.000Z";"2018-09-22T12:44:01.000Z";0.992045;1.0156;0.982721;1.00092;3352660000;2809003643.62;"2018-09-22T23:59:59.999Z"
"2018-09-21T00:00:00.000Z";"2018-09-21T23:59:59.999Z";"2018-09-21T15:39:03.000Z";"2018-09-21T14:59:02.000Z";0.998697;1.01796;0.975145;0.994428;5090540000;2790784353.71;"2018-09-21T23:59:59.999Z"
"2018-09-20T00:00:00.000Z";"2018-09-20T23:59:59.999Z";"2018-09-20T20:39:01.000Z";"2018-09-20T23:04:00.000Z";0.999453;1.00642;0.990492;1.00154;2689090000;2760666625.1;"2018-09-20T23:59:59.999Z"
"2018-09-19T00:00:00.000Z";"2018-09-19T23:59:59.999Z";"2018-09-19T12:04:02.000Z";"2018-09-19T19:24:04.000Z";1.00619;1.01216;0.96457;1.00069;2635660000;2758323666.62;"2018-09-19T23:59:59.999Z"
"2018-09-18T00:00:00.000Z";"2018-09-18T23:59:59.999Z";"2018-09-18T00:04:01.000Z";"2018-09-18T12:29:01.000Z";1.0078;1.0078;0.980623;1.00225;2687350000;2762623684.53;"2018-09-18T23:59:59.999Z"
"2018-09-17T00:00:00.000Z";"2018-09-17T23:59:59.999Z";"2018-09-17T15:19:01.000Z";"2018-09-17T00:19:02.000Z";0.999014;1.01177;0.995283;1.00411;2854420000;2767750628.96;"2018-09-17T23:59:59.999Z"
"2018-09-16T00:00:00.000Z";"2018-09-16T23:59:59.999Z";"2018-09-16T04:04:03.000Z";"2018-09-16T19:34:00.000Z";1.00439;1.01407;0.995185;1.00096;2103110000;2759067900.49;"2018-09-16T23:59:59.999Z"
"2018-09-15T00:00:00.000Z";"2018-09-15T23:59:59.999Z";"2018-09-15T21:19:01.000Z";"2018-09-15T10:04:02.000Z";1.00694;1.00925;0.993745;1.00086;2112840000;2758792258.32;"2018-09-15T23:59:59.999Z"
"2018-09-14T00:00:00.000Z";"2018-09-14T23:59:59.999Z";"2018-09-14T08:59:02.000Z";"2018-09-14T11:29:06.000Z";0.998975;1.01941;0.988274;1.00236;2804570000;2762926890.92;"2018-09-14T23:59:59.999Z"
"2018-09-13T00:00:00.000Z";"2018-09-13T23:59:59.999Z";"2018-09-13T19:34:00.000Z";"2018-09-13T13:49:03.000Z";1.00073;1.00939;0.986957;1.00635;3009780000;2773925013.65;"2018-09-13T23:59:59.999Z"
"2018-09-12T00:00:00.000Z";"2018-09-12T23:59:59.999Z";"2018-09-12T07:09:02.000Z";"2018-09-12T18:44:02.000Z";1.00316;1.01368;0.989434;1.00125;2512200000;2759867262.79;"2018-09-12T23:59:59.999Z"
"2018-09-11T00:00:00.000Z";"2018-09-11T23:59:59.999Z";"2018-09-11T15:04:06.000Z";"2018-09-11T00:04:03.000Z";0.99645;1.01658;0.99645;1.00454;2375530000;2768935890.3;"2018-09-11T23:59:59.999Z"
"2018-09-10T00:00:00.000Z";"2018-09-10T23:59:59.999Z";"2018-09-10T16:59:02.000Z";"2018-09-10T01:24:04.000Z";0.998831;1.01088;0.995038;1.00128;2300220000;2759949955.45;"2018-09-10T23:59:59.999Z"
"2018-09-09T00:00:00.000Z";"2018-09-09T23:59:59.999Z";"2018-09-09T22:09:04.000Z";"2018-09-09T09:34:02.000Z";1.00234;1.0158;0.968354;1.00498;2470930000;2770148715.87;"2018-09-09T23:59:59.999Z"
"2018-09-08T00:00:00.000Z";"2018-09-08T23:59:59.999Z";"2018-09-08T17:54:01.000Z";"2018-09-08T18:59:02.000Z";1.00628;1.01954;0.997322;1.00428;2345090000;2768219220.65;"2018-09-08T23:59:59.999Z"
"2018-09-07T00:00:00.000Z";"2018-09-07T23:59:59.999Z";"2018-09-07T10:29:00.000Z";"2018-09-07T02:04:06.000Z";1.00309;1.01475;0.996252;1.00636;2778320000;2773952577.86;"2018-09-07T23:59:59.999Z"
"2018-09-06T00:00:00.000Z";"2018-09-06T23:59:59.999Z";"2018-09-06T00:24:02.000Z";"2018-09-06T13:39:03.000Z";1.00635;1.03331;0.989162;1.00091;3695980000;2758930079.4;"2018-09-06T23:59:59.999Z"
"2018-09-05T00:00:00.000Z";"2018-09-05T23:59:59.999Z";"2018-09-05T10:54:02.000Z";"2018-09-05T08:19:00.000Z";0.999856;1.03077;0.997398;1.00795;4000180000;2778335288.42;"2018-09-05T23:59:59.999Z"
"2018-09-04T00:00:00.000Z";"2018-09-04T23:59:59.999Z";"2018-09-04T04:39:01.000Z";"2018-09-04T12:09:00.000Z";0.999627;1.00426;0.993396;0.999517;2758550000;2765803806.84;"2018-09-04T23:59:59.999Z"
"2018-09-03T00:00:00.000Z";"2018-09-03T23:59:59.999Z";"2018-09-03T04:14:03.000Z";"2018-09-03T19:24:06.000Z";0.995396;1.00407;0.99301;0.998642;2530750000;2798335029.05;"2018-09-03T23:59:59.999Z"
"2018-09-02T00:00:00.000Z";"2018-09-02T23:59:59.999Z";"2018-09-02T09:44:05.000Z";"2018-09-02T23:54:03.000Z";0.996865;1.00766;0.993394;0.997839;2844130000;2835998470.36;"2018-09-02T23:59:59.999Z"
"2018-09-01T00:00:00.000Z";"2018-09-01T23:59:59.999Z";"2018-09-01T20:24:01.000Z";"2018-09-01T15:04:02.000Z";1.0017;1.00375;0.985154;0.996813;2910380000;2733401134.37;"2018-09-01T23:59:59.999Z"
"2018-08-31T00:00:00.000Z";"2018-08-31T23:59:59.999Z";"2018-08-31T12:34:03.000Z";"2018-08-31T15:19:01.000Z";1.00151;1.00855;0.996037;1.00351;2659230000;2751765248.2;"2018-08-31T23:59:59.999Z"
"2018-08-30T00:00:00.000Z";"2018-08-30T23:59:59.999Z";"2018-08-30T08:59:46.000Z";"2018-08-30T20:29:02.000Z";0.999735;1.00512;0.992116;1.00003;2764870000;2782223799.83;"2018-08-30T23:59:59.999Z"
"2018-08-29T00:00:00.000Z";"2018-08-29T23:59:59.999Z";"2018-08-29T15:54:03.000Z";"2018-08-29T09:34:01.000Z";1.00019;1.01503;0.991106;1.00066;3024040000;2783976548.25;"2018-08-29T23:59:59.999Z"
"2018-08-28T00:00:00.000Z";"2018-08-28T23:59:59.999Z";"2018-08-28T16:29:03.000Z";"2018-08-28T19:14:01.000Z";0.99767;1.00349;0.991961;0.999395;2991530000;2810438990.72;"2018-08-28T23:59:59.999Z"
"2018-08-27T00:00:00.000Z";"2018-08-27T23:59:59.999Z";"2018-08-27T12:59:04.000Z";"2018-08-27T23:44:03.000Z";1.00164;1.00641;0.983211;0.997802;2718980000;2805959251.17;"2018-08-27T23:59:59.999Z"
"2018-08-26T00:00:00.000Z";"2018-08-26T23:59:59.999Z";"2018-08-26T02:34:00.000Z";"2018-08-26T13:59:01.000Z";1.00321;1.00795;0.99775;0.999227;1946530000;2789982011.14;"2018-08-26T23:59:59.999Z"
"2018-08-25T00:00:00.000Z";"2018-08-25T23:59:59.999Z";"2018-08-25T16:09:03.000Z";"2018-08-25T14:44:01.000Z";0.998537;1.00382;0.995268;1.001;1958700000;2794932475.96;"2018-08-25T23:59:59.999Z"
"2018-08-24T00:00:00.000Z";"2018-08-24T23:59:59.999Z";"2018-08-24T14:44:01.000Z";"2018-08-24T18:59:02.000Z";0.998429;1.00896;0.994293;1.00178;2850500000;2797110345.42;"2018-08-24T23:59:59.999Z"
"2018-08-23T00:00:00.000Z";"2018-08-23T23:59:59.999Z";"2018-08-23T09:29:02.000Z";"2018-08-23T14:09:04.000Z";1.00135;1.00425;0.993635;0.998976;2392970000;2789281183.92;"2018-08-23T23:59:59.999Z"
"2018-08-22T00:00:00.000Z";"2018-08-22T23:59:59.999Z";"2018-08-22T20:09:00.000Z";"2018-08-22T01:09:02.000Z";1.00049;1.01178;0.981115;1.00035;3325510000;2823128084.74;"2018-08-22T23:59:59.999Z"
"2018-08-21T00:00:00.000Z";"2018-08-21T23:59:59.999Z";"2018-08-21T14:04:03.000Z";"2018-08-21T16:59:03.000Z";1.00814;1.00827;0.995364;1.0007;2350790000;2824115833.86;"2018-08-21T23:59:59.999Z"
"2018-08-20T00:00:00.000Z";"2018-08-20T23:59:59.999Z";"2018-08-20T22:19:00.000Z";"2018-08-20T16:39:21.000Z";1.00019;1.01739;0.997007;1.00539;2596870000;2736812672.03;"2018-08-20T23:59:59.999Z"
"2018-08-19T00:00:00.000Z";"2018-08-19T23:59:59.999Z";"2018-08-19T16:24:18.000Z";"2018-08-19T11:49:21.000Z";1.00537;1.00822;0.996864;1.00052;2622560000;2723555848.6;"2018-08-19T23:59:59.999Z"
"2018-08-18T00:00:00.000Z";"2018-08-18T23:59:59.999Z";"2018-08-18T13:09:16.000Z";"2018-08-18T00:44:19.000Z";1.00242;1.014;0.996478;1.00286;3247510000;2729925656.98;"2018-08-18T23:59:59.999Z"
"2018-08-17T00:00:00.000Z";"2018-08-17T23:59:59.999Z";"2018-08-17T10:29:14.000Z";"2018-08-17T22:34:20.000Z";1.0039;1.012;0.994058;0.997761;3783430000;2696090243.41;"2018-08-17T23:59:59.999Z"
"2018-08-16T00:00:00.000Z";"2018-08-16T23:59:59.999Z";"2018-08-16T21:04:14.000Z";"2018-08-16T10:44:17.000Z";1.00054;1.01058;0.993986;1.00122;2741290000;2410077056.85;"2018-08-16T23:59:59.999Z"
"2018-08-15T00:00:00.000Z";"2018-08-15T23:59:59.999Z";"2018-08-15T20:04:12.000Z";"2018-08-15T21:34:11.000Z";0.99503;1.00841;0.993253;1.00125;3277720000;2410149271.06;"2018-08-15T23:59:59.999Z"
"2018-08-14T00:00:00.000Z";"2018-08-14T23:59:59.999Z";"2018-08-14T02:09:09.000Z";"2018-08-14T23:29:09.000Z";1.00433;1.01792;0.991974;0.997543;3917750000;2401226001.8;"2018-08-14T23:59:59.999Z"
"2018-08-13T00:00:00.000Z";"2018-08-13T23:59:59.999Z";"2018-08-13T09:09:10.000Z";"2018-08-13T16:19:10.000Z";1.00092;1.02054;0.994659;1.00393;2596380000;2416600407.18;"2018-08-13T23:59:59.999Z"
"2018-08-12T00:00:00.000Z";"2018-08-12T23:59:59.999Z";"2018-08-12T21:49:11.000Z";"2018-08-12T14:04:05.000Z";1.00587;1.00728;0.99493;1.00049;4066320000;2408319844.39;"2018-08-12T23:59:59.999Z"
"2018-08-11T00:00:00.000Z";"2018-08-11T23:59:59.999Z";"2018-08-11T23:59:07.000Z";"2018-08-11T17:19:04.000Z";1.00034;1.00985;0.978541;1.00985;2630390000;2430850678.03;"2018-08-11T23:59:59.999Z"
"2018-08-10T00:00:00.000Z";"2018-08-10T23:59:59.999Z";"2018-08-10T07:39:01.000Z";"2018-08-10T12:09:02.000Z";1.00134;1.01462;0.991889;1.00158;2887490000;2410943627.37;"2018-08-10T23:59:59.999Z"
"2018-08-09T00:00:00.000Z";"2018-08-09T23:59:59.999Z";"2018-08-09T14:24:05.000Z";"2018-08-09T13:49:02.000Z";1.00074;1.0068;0.979456;1.00424;2626630000;2417346620.69;"2018-08-09T23:59:59.999Z"
"2018-08-08T00:00:00.000Z";"2018-08-08T23:59:59.999Z";"2018-08-08T16:49:02.000Z";"2018-08-08T05:49:02.000Z";1.00164;1.01703;0.991345;1.00169;3421800000;2411208412.81;"2018-08-08T23:59:59.999Z"
"2018-08-07T00:00:00.000Z";"2018-08-07T23:59:59.999Z";"2018-08-07T21:19:02.000Z";"2018-08-07T07:14:03.000Z";0.999416;1.02623;0.995265;1.00154;2942000000;2440893541.76;"2018-08-07T23:59:59.999Z"
"2018-08-06T00:00:00.000Z";"2018-08-06T23:59:59.999Z";"2018-08-06T16:44:06.000Z";"2018-08-06T23:14:06.000Z";1.00184;1.0032;0.998169;1.00095;2336390000;2439455628.95;"2018-08-06T23:59:59.999Z"
"2018-08-05T00:00:00.000Z";"2018-08-05T23:59:59.999Z";"2018-08-05T18:24:02.000Z";"2018-08-05T03:44:05.000Z";0.997972;1.00261;0.996254;0.999347;2204100000;2435548892.98;"2018-08-05T23:59:59.999Z"
"2018-08-04T00:00:00.000Z";"2018-08-04T23:59:59.999Z";"2018-08-04T12:49:00.000Z";"2018-08-04T14:44:00.000Z";1.00019;1.00456;0.993336;0.998505;2526060000;2433496820.81;"2018-08-04T23:59:59.999Z"
"2018-08-03T00:00:00.000Z";"2018-08-03T23:59:59.999Z";"2018-08-03T00:39:00.000Z";"2018-08-03T17:44:04.000Z";1.00138;1.00409;0.995755;0.999095;2843800000;2434934733.61;"2018-08-03T23:59:59.999Z"
"2018-08-02T00:00:00.000Z";"2018-08-02T23:59:59.999Z";"2018-08-02T17:44:05.000Z";"2018-08-02T16:34:05.000Z";0.998746;1.00277;0.995199;1.00066;2539460000;2418735658.25;"2018-08-02T23:59:59.999Z"
"2018-08-01T00:00:00.000Z";"2018-08-01T23:59:59.999Z";"2018-08-01T01:49:02.000Z";"2018-08-01T22:14:00.000Z";0.999215;1.00445;0.994754;0.999409;3059190000;2395723635.68;"2018-08-01T23:59:59.999Z"
"2018-07-31T00:00:00.000Z";"2018-07-31T23:59:59.999Z";"2018-07-31T14:04:03.000Z";"2018-07-31T23:34:02.000Z";0.999708;1.00755;0.99534;0.999507;3253100000;2460926510.43;"2018-07-31T23:59:59.999Z"
"2018-07-30T00:00:00.000Z";"2018-07-30T23:59:59.999Z";"2018-07-30T00:09:11.000Z";"2018-07-30T01:34:14.000Z";0.999317;1.00715;0.993987;0.99891;4311410000;2504407562.65;"2018-07-30T23:59:59.999Z"
"2018-07-29T00:00:00.000Z";"2018-07-29T23:59:59.999Z";"2018-07-29T01:04:11.000Z";"2018-07-29T23:19:13.000Z";0.9964029789;1.0016100407;0.9951050282;0.9989190102;2404489984;2504430126.91;"2018-07-29T23:59:59.999Z"
"2018-07-28T00:00:00.000Z";"2018-07-28T23:59:59.999Z";"2018-07-28T13:59:12.000Z";"2018-07-28T00:05:07.000Z";0.9956060052;1.0026899576;0.9956060052;0.9978870153;2298899968;2501842758.07;"2018-07-28T23:59:59.999Z"
"2018-07-27T00:00:00.000Z";"2018-07-27T23:59:59.999Z";"2018-07-27T23:24:09.000Z";"2018-07-27T15:14:11.000Z";0.9995530248;1.0043900013;0.9911789894;0.9971179962;3092310016;2499914767.15;"2018-07-27T23:59:59.999Z"
"2018-07-26T00:00:00.000Z";"2018-07-26T23:59:59.999Z";"2018-07-26T21:04:11.000Z";"2018-07-26T00:44:01.000Z";0.9967399836;1.0037499666;0.992866993;0.9979509711;2894500096;2502003215.06;"2018-07-26T23:59:59.999Z"
"2018-07-25T00:00:00.000Z";"2018-07-25T23:59:59.999Z";"2018-07-25T15:24:02.000Z";"2018-07-25T01:59:03.000Z";0.9923719764;1.0020699501;0.9850080013;0.9987909794;3514560000;2504109212.95;"2018-07-25T23:59:59.999Z"
"2018-07-24T00:00:00.000Z";"2018-07-24T23:59:59.999Z";"2018-07-24T14:34:00.000Z";"2018-07-24T07:14:04.000Z";0.9979180098;1.0007300377;0.9933900237;0.996505022;4417310208;2498377890.12;"2018-07-24T23:59:59.999Z"
"2018-07-23T00:00:00.000Z";"2018-07-23T23:59:59.999Z";"2018-07-23T00:04:00.000Z";"2018-07-23T02:24:03.000Z";1.0008300543;1.0008300543;0.991952002;0.9974960089;2808819968;2600612066.2;"2018-07-23T23:59:59.999Z"
"2018-07-22T00:00:00.000Z";"2018-07-22T23:59:59.999Z";"2018-07-22T21:24:04.000Z";"2018-07-22T15:24:01.000Z";1.0012199879;1.010619998;0.9947559834;0.9998430014;2209939968;2656723174.59;"2018-07-22T23:59:59.999Z"
"2018-07-21T00:00:00.000Z";"2018-07-21T23:59:59.999Z";"2018-07-21T00:44:04.000Z";"2018-07-21T20:14:02.000Z";1.0012999773;1.0042200089;0.9957309961;1.0000400543;2164900096;2657246631.24;"2018-07-21T23:59:59.999Z"
"2018-07-20T00:00:00.000Z";"2018-07-20T23:59:59.999Z";"2018-07-20T17:09:00.000Z";"2018-07-20T08:19:03.000Z";0.9989209771;1.0071699619;0.994279027;1.0010299683;3072349952;2659877200.18;"2018-07-20T23:59:59.999Z"
"2018-07-19T00:00:00.000Z";"2018-07-19T23:59:59.999Z";"2018-07-19T01:59:02.000Z";"2018-07-19T01:34:02.000Z";1.0008100271;1.0041699409;0.9933310151;0.9980880022;3188349952;2701964293.28;"2018-07-19T23:59:59.999Z"
"2018-07-18T00:00:00.000Z";"2018-07-18T23:59:59.999Z";"2018-07-18T19:14:07.000Z";"2018-07-18T03:09:00.000Z";0.9994760156;1.005319953;0.9934039712;1.002210021;4082030080;2713123125.79;"2018-07-18T23:59:59.999Z"
"2018-07-17T00:00:00.000Z";"2018-07-17T23:59:59.999Z";"2018-07-17T22:49:05.000Z";"2018-07-17T17:44:06.000Z";1.0023100376;1.0058399439;0.9797819853;1.0001300573;3620499968;2707492273.87;"2018-07-17T23:59:59.999Z"
"2018-07-16T00:00:00.000Z";"2018-07-16T23:59:59.999Z";"2018-07-16T02:39:00.000Z";"2018-07-16T09:24:05.000Z";0.9989659786;1.0021799803;0.9882969856;0.9991390109;2864659968;2704809497.79;"2018-07-16T23:59:59.999Z"
"2018-07-15T00:00:00.000Z";"2018-07-15T23:59:59.999Z";"2018-07-15T00:44:00.000Z";"2018-07-15T16:04:00.000Z";1.0023800135;1.0044100285;0.9966639876;0.9983519912;1919559936;2702678978.33;"2018-07-15T23:59:59.999Z"
"2018-07-14T00:00:00.000Z";"2018-07-14T23:59:59.999Z";"2018-07-14T20:44:00.000Z";"2018-07-14T01:34:00.000Z";1.0022499561;1.0068000555;0.9980310202;1.0026500225;1620770048;2714314267.54;"2018-07-14T23:59:59.999Z"
"2018-07-13T00:00:00.000Z";"2018-07-13T23:59:59.999Z";"2018-07-13T20:04:00.000Z";"2018-07-13T18:24:00.000Z";0.9993770123;1.0100300312;0.995791018;1.0014200211;2279970048;2710984484.92;"2018-07-13T23:59:59.999Z"
"2018-07-12T00:00:00.000Z";"2018-07-12T23:59:59.999Z";"2018-07-12T07:24:09.000Z";"2018-07-12T23:54:04.000Z";1.0022799969;1.0076099634;0.99446702;0.9990699887;2404160000;2704622705.1;"2018-07-12T23:59:59.999Z"
"2018-07-11T00:00:00.000Z";"2018-07-11T23:59:59.999Z";"2018-07-11T17:24:01.000Z";"2018-07-11T00:19:00.000Z";1.0009100437;1.0107899904;0.9988980293;1.0011600256;2524790016;2610164628.43;"2018-07-11T23:59:59.999Z"
"2018-07-10T00:00:00.000Z";"2018-07-10T23:59:59.999Z";"2018-07-10T09:24:02.000Z";"2018-07-10T14:54:05.000Z";1.0073100328;1.0116000175;0.9978190064;1.0011999607;2974149888;2610268914.04;"2018-07-10T23:59:59.999Z"
"2018-07-09T00:00:00.000Z";"2018-07-09T23:59:59.999Z";"2018-07-09T22:29:05.000Z";"2018-07-09T22:14:05.000Z";1.0046000481;1.014179945;1.0014200211;1.0075000525;2358560000;2626693898.22;"2018-07-09T23:59:59.999Z"
"2018-07-08T00:00:00.000Z";"2018-07-08T23:59:59.999Z";"2018-07-08T15:49:00.000Z";"2018-07-08T19:44:02.000Z";1.0046099424;1.0095100403;1.0012700558;1.0042500496;2142080000;2618220692.09;"2018-07-08T23:59:59.999Z"
"2018-07-07T00:00:00.000Z";"2018-07-07T23:59:59.999Z";"2018-07-07T23:44:00.000Z";"2018-07-07T23:29:00.000Z";1.0017000437;1.0078799725;0.989027977;1.0062099695;2134790016;2623330687.17;"2018-07-07T23:59:59.999Z"
"2018-07-06T00:00:00.000Z";"2018-07-06T23:59:59.999Z";"2018-07-06T07:04:00.000Z";"2018-07-06T12:09:00.000Z";1.0070099831;1.0112400055;0.9986919761;1.0031599998;2460250112;2615378909.12;"2018-07-06T23:59:59.999Z"
"2018-07-05T00:00:00.000Z";"2018-07-05T23:59:59.999Z";"2018-07-05T06:29:00.000Z";"2018-07-05T01:29:00.000Z";1.0011700392;1.0111299753;0.999481976;1.0061399937;3606159872;2723762187.35;"2018-07-05T23:59:59.999Z"
"2018-07-04T00:00:00.000Z";"2018-07-04T23:59:59.999Z";"2018-07-04T16:29:00.000Z";"2018-07-04T13:14:00.000Z";0.9988570213;1.003739953;0.9934369922;0.9991949797;2638139904;2704961097.65;"2018-07-04T23:59:59.999Z"
"2018-07-03T00:00:00.000Z";"2018-07-03T23:59:59.999Z";"2018-07-03T10:39:00.000Z";"2018-07-03T03:44:00.000Z";0.9974449873;1.0036799908;0.9953430295;1.0003199577;2786769920;2708006630.53;"2018-07-03T23:59:59.999Z"
"2018-07-02T00:00:00.000Z";"2018-07-02T23:59:59.999Z";"2018-07-02T13:34:00.000Z";"2018-07-02T18:24:00.000Z";0.9994019866;1.0027400255;0.9931929708;0.9988589883;2787729920;2704051498.49;"2018-07-02T23:59:59.999Z"
"2018-07-01T00:00:00.000Z";"2018-07-01T23:59:59.999Z";"2018-07-01T14:39:00.000Z";"2018-07-01T05:49:00.000Z";0.9973229766;1.0060499907;0.9970160127;0.9988210201;3653040128;2703948627.16;"2018-07-01T23:59:59.999Z"
"2018-06-30T00:00:00.000Z";"2018-06-30T23:59:59.999Z";"2018-06-30T01:44:00.000Z";"2018-06-30T01:39:00.000Z";1.0030100346;1.0101399422;0.9926819801;0.9991919994;2540620032;2704952976.23;"2018-06-30T23:59:59.999Z"
"2018-06-29T00:00:00.000Z";"2018-06-29T23:59:59.999Z";"2018-06-29T22:39:01.000Z";"2018-06-29T05:44:00.000Z";0.99604702;1.0117000341;0.9902610183;1.0033299923;2482319872;2716155122.98;"2018-06-29T23:59:59.999Z"
"2018-06-28T00:00:00.000Z";"2018-06-28T23:59:59.999Z";"2018-06-28T14:39:08.000Z";"2018-06-28T14:44:08.000Z";0.9988229871;1.0044000149;0.9897890091;0.9971929789;2331049984;2699541402.67;"2018-06-28T23:59:59.999Z"
"2018-06-27T00:00:00.000Z";"2018-06-27T23:59:59.999Z";"2018-06-27T16:09:08.000Z";"2018-06-27T15:04:09.000Z";1.002390027;1.0062099695;0.9814839959;0.9979349971;2055360000;2701550100.81;"2018-06-27T23:59:59.999Z"
"2018-06-26T00:00:00.000Z";"2018-06-26T23:59:59.999Z";"2018-06-26T14:19:09.000Z";"2018-06-26T21:59:08.000Z";0.9988340139;1.0096399784;0.9905120134;1.0005600452;2025110016;2708656344.22;"2018-06-26T23:59:59.999Z"
"2018-06-25T00:00:00.000Z";"2018-06-25T23:59:59.999Z";"2018-06-25T14:39:09.000Z";"2018-06-25T14:29:09.000Z";1.0048700571;1.0089099407;0.9847189784;1.0006200075;3956019968;2708818772.64;"2018-06-25T23:59:59.999Z"
"2018-06-24T00:00:00.000Z";"2018-06-24T23:59:59.999Z";"2018-06-24T16:54:11.000Z";"2018-06-24T16:44:10.000Z";0.9988750219;1.0224900246;0.9717360139;1.0051000118;3952620032;2620436761.39;"2018-06-24T23:59:59.999Z"
"2018-06-23T00:00:00.000Z";"2018-06-23T23:59:59.999Z";"2018-06-23T06:04:10.000Z";"2018-06-23T00:34:10.000Z";1.0013699532;1.0126999617;0.9906209707;1.0019799471;2500859904;2612302483.51;"2018-06-23T23:59:59.999Z"
"2018-06-22T00:00:00.000Z";"2018-06-22T23:59:59.999Z";"2018-06-22T13:34:09.000Z";"2018-06-22T18:59:10.000Z";1.001240015;1.0263700485;0.990974009;1.003000021;3747810048;2614961766.66;"2018-06-22T23:59:59.999Z"
"2018-06-21T00:00:00.000Z";"2018-06-21T23:59:59.999Z";"2018-06-21T13:44:20.000Z";"2018-06-21T09:59:10.000Z";1.0005400181;1.0059800148;0.9940750003;1.0005300045;2017639936;2608522130.01;"2018-06-21T23:59:59.999Z"
"2018-06-20T00:00:00.000Z";"2018-06-20T23:59:59.999Z";"2018-06-20T01:09:11.000Z";"2018-06-20T13:19:10.000Z";1.0017100573;1.0102100372;0.9944339991;0.9988290071;2215259904;2604087384.28;"2018-06-20T23:59:59.999Z"
"2018-06-19T00:00:00.000Z";"2018-06-19T23:59:59.999Z";"2018-06-19T02:54:10.000Z";"2018-06-19T13:14:10.000Z";1.0036300421;1.0063400269;0.9948459864;1.0002199411;2253370112;2607713916.5;"2018-06-19T23:59:59.999Z"
"2018-06-18T00:00:00.000Z";"2018-06-18T23:59:59.999Z";"2018-06-18T00:59:08.000Z";"2018-06-18T16:29:09.000Z";1.0033899546;1.0111800432;0.9911640286;1.0028300285;2073910016;2614518552.8;"2018-06-18T23:59:59.999Z"
"2018-06-17T00:00:00.000Z";"2018-06-17T23:59:59.999Z";"2018-06-17T20:09:09.000Z";"2018-06-17T13:09:09.000Z";1.0048700571;1.0071300268;0.998453021;1.005480051;1548390016;2621427474.72;"2018-06-17T23:59:59.999Z"
"2018-06-16T00:00:00.000Z";"2018-06-16T23:59:59.999Z";"2018-06-16T13:14:09.000Z";"2018-06-16T16:49:08.000Z";1.0038700104;1.0124800205;0.9879840016;1.004240036;1797939968;2618194620.69;"2018-06-16T23:59:59.999Z"
"2018-06-15T00:00:00.000Z";"2018-06-15T23:59:59.999Z";"2018-06-15T11:29:11.000Z";"2018-06-15T11:09:10.000Z";1.0016299486;1.0131599903;0.9951030016;1.0069500208;2376110080;2625259971.03;"2018-06-15T23:59:59.999Z"
"2018-06-14T00:00:00.000Z";"2018-06-14T23:59:59.999Z";"2018-06-14T13:24:08.000Z";"2018-06-14T16:54:08.000Z";1.0019500256;1.0119600296;0.9930350184;1.0039499998;3104209920;2517043549.99;"2018-06-14T23:59:59.999Z"
"2018-06-13T00:00:00.000Z";"2018-06-13T23:59:59.999Z";"2018-06-13T16:29:18.000Z";"2018-06-13T16:39:10.000Z";1.0047500134;1.025769949;0.9943159819;1.0035300255;3056750080;2515990551.04;"2018-06-13T23:59:59.999Z"
"2018-06-12T00:00:00.000Z";"2018-06-12T23:59:59.999Z";"2018-06-12T12:54:09.000Z";"2018-06-12T19:49:08.000Z";1.0040400028;1.0190900564;0.9986690283;1.0007699728;2702340096;2509070843.69;"2018-06-12T23:59:59.999Z"
"2018-06-11T00:00:00.000Z";"2018-06-11T23:59:59.999Z";"2018-06-11T14:19:10.000Z";"2018-06-11T23:39:08.000Z";1.005300045;1.0102900267;0.9916560054;1.0019299984;2913220096;2511979126.49;"2018-06-11T23:59:59.999Z"
"2018-06-10T00:00:00.000Z";"2018-06-10T23:59:59.999Z";"2018-06-10T22:24:10.000Z";"2018-06-10T17:59:09.000Z";1.0093699694;1.0153199434;0.9890310168;0.9982150197;3845029888;2502665100.11;"2018-06-10T23:59:59.999Z"
"2018-06-09T00:00:00.000Z";"2018-06-09T23:59:59.999Z";"2018-06-09T23:54:09.000Z";"2018-06-09T01:49:10.000Z";1.0020600557;1.0122100115;0.999194026;1.0060800314;2006880000;2522383758.93;"2018-06-09T23:59:59.999Z"
"2018-06-08T00:00:00.000Z";"2018-06-08T23:59:59.999Z";"2018-06-08T04:04:10.000Z";"2018-06-08T16:04:09.000Z";0.9999399781;1.0083899498;0.994329989;1.0017900467;2219579904;2511628595.58;"2018-06-08T23:59:59.999Z"
"2018-06-07T00:00:00.000Z";"2018-06-07T23:59:59.999Z";"2018-06-07T14:29:10.000Z";"2018-06-07T00:59:10.000Z";0.9994630218;1.0057300329;0.9962419868;0.9987499714;2554540032;2504006887.5;"2018-06-07T23:59:59.999Z"
"2018-06-06T00:00:00.000Z";"2018-06-06T23:59:59.999Z";"2018-06-06T16:34:09.000Z";"2018-06-06T20:54:11.000Z";0.9979169965;1.0126099586;0.9908769727;1.0006899834;2508359936;2508870740.68;"2018-06-06T23:59:59.999Z"
"2018-06-05T00:00:00.000Z";"2018-06-05T23:59:59.999Z";"2018-06-05T14:34:10.000Z";"2018-06-05T16:04:11.000Z";0.9992629886;1.0114599466;0.9908789992;1.0010199547;2796069888;2509698097.15;"2018-06-05T23:59:59.999Z"
"2018-06-04T00:00:00.000Z";"2018-06-04T23:59:59.999Z";"2018-06-04T06:39:18.000Z";"2018-06-04T00:14:18.000Z";0.9977139831;1.0068000555;0.99525702;1.0005199909;2798279936;2508444526.74;"2018-06-04T23:59:59.999Z"
"2018-06-03T00:00:00.000Z";"2018-06-03T23:59:59.999Z";"2018-06-03T17:24:07.000Z";"2018-06-03T06:44:08.000Z";0.9920300245;1.0037599802;0.9868469834;1.0001000166;2796300032;2507391527.6;"2018-06-03T23:59:59.999Z"
"2018-06-02T00:00:00.000Z";"2018-06-02T23:59:59.999Z";"2018-06-02T20:59:09.000Z";"2018-06-02T20:34:08.000Z";1.000180006;1.0056400299;0.986231029;0.9935299754;3187569920;2490919612.46;"2018-06-02T23:59:59.999Z"
"2018-06-01T00:00:00.000Z";"2018-06-01T23:59:59.999Z";"2018-06-01T11:54:09.000Z";"2018-06-01T22:29:08.000Z";0.9990879893;1.0086499453;0.9946939945;1.0009900331;2486080000;2509622882.93;"2018-06-01T23:59:59.999Z"
"2018-05-31T00:00:00.000Z";"2018-05-31T23:59:59.999Z";"2018-05-31T22:09:08.000Z";"2018-05-31T04:49:08.000Z";1.0019999743;1.0074800253;0.9946910143;0.998003006;2613339904;2502134053.32;"2018-05-31T23:59:59.999Z"
"2018-05-30T00:00:00.000Z";"2018-05-30T23:59:59.999Z";"2018-05-30T14:59:10.000Z";"2018-05-30T23:19:09.000Z";0.9994869828;1.0098199844;0.9951580167;0.9997270107;2429060096;2506456364.08;"2018-05-30T23:59:59.999Z"
"2018-05-29T00:00:00.000Z";"2018-05-29T23:59:59.999Z";"2018-05-29T05:14:08.000Z";"2018-05-29T11:29:08.000Z";0.9992700219;1.0098099709;0.9857900143;1.0006799698;3003919872;2508845669.27;"2018-05-29T23:59:59.999Z"
"2018-05-28T00:00:00.000Z";"2018-05-28T23:59:59.999Z";"2018-05-28T05:44:06.000Z";"2018-05-28T06:09:06.000Z";1.0005700588;1.0107300282;0.9874780178;1.0024900436;2582710016;2513383594.15;"2018-05-28T23:59:59.999Z"
"2018-05-27T00:00:00.000Z";"2018-05-27T23:59:59.999Z";"2018-05-27T00:24:06.000Z";"2018-05-27T07:44:08.000Z";1.001760006;1.0068500042;0.991550982;0.9991819859;1885900032;2505089972.33;"2018-05-27T23:59:59.999Z"
"2018-05-26T00:00:00.000Z";"2018-05-26T23:59:59.999Z";"2018-05-26T22:44:06.000Z";"2018-05-26T07:29:06.000Z";1.0029699802;1.0086499453;0.9829049706;0.9998900294;1872140032;2506865028.03;"2018-05-26T23:59:59.999Z"
"2018-05-25T00:00:00.000Z";"2018-05-25T23:59:59.999Z";"2018-05-25T07:09:06.000Z";"2018-05-25T11:34:06.000Z";0.999292016;1.0140000582;0.9905530214;1.0004400015;2375610112;2508243955.48;"2018-05-25T23:59:59.999Z"
"2018-05-24T00:00:00.000Z";"2018-05-24T23:59:59.999Z";"2018-05-24T08:34:06.000Z";"2018-05-24T14:39:08.000Z";1.0013500452;1.0124900341;0.993727982;0.9988179803;3122710016;2504177373.08;"2018-05-24T23:59:59.999Z"
"2018-05-23T00:00:00.000Z";"2018-05-23T23:59:59.999Z";"2018-05-23T17:49:06.000Z";"2018-05-23T01:44:06.000Z";1.0007699728;1.0139199495;0.9960529804;1.0040199757;3360600064;2517219519.59;"2018-05-23T23:59:59.999Z"
"2018-05-22T00:00:00.000Z";"2018-05-22T23:59:59.999Z";"2018-05-22T01:14:06.000Z";"2018-05-22T23:09:07.000Z";1.0031299591;1.0064899921;0.9960619807;1.0029699802;2417590016;2514587021.74;"2018-05-22T23:59:59.999Z"
"2018-05-21T00:00:00.000Z";"2018-05-21T23:59:59.999Z";"2018-05-21T10:19:09.000Z";"2018-05-21T06:54:07.000Z";0.9995920062;1.0075399876;0.9968450069;1.0029699802;2406449920;2514587021.74;"2018-05-21T23:59:59.999Z"
"2018-05-20T00:00:00.000Z";"2018-05-20T23:59:59.999Z";"2018-05-20T19:19:06.000Z";"2018-05-20T16:09:06.000Z";1.0014699697;1.0046600103;0.9907559752;0.9991170168;2610939904;2504927008.18;"2018-05-20T23:59:59.999Z"
"2018-05-19T00:00:00.000Z";"2018-05-19T23:59:59.999Z";"2018-05-19T13:29:07.000Z";"2018-05-19T12:04:07.000Z";1.0002100468;1.0069500208;0.9942499995;1.0003600121;2569299968;2508043384.21;"2018-05-19T23:59:59.999Z"
"2018-05-18T00:00:00.000Z";"2018-05-18T23:59:59.999Z";"2018-05-18T06:59:06.000Z";"2018-05-18T07:29:06.000Z";1.0024900436;1.004349947;0.9937319756;1.0011099577;3051709952;2509923739.82;"2018-05-18T23:59:59.999Z"
"2018-05-17T00:00:00.000Z";"2018-05-17T23:59:59.999Z";"2018-05-17T22:09:06.000Z";"2018-05-17T20:09:06.000Z";1.0006200075;1.0076999664;0.9967470169;1.0001900196;3026749952;2307579170.27;"2018-05-17T23:59:59.999Z"
"2018-05-16T00:00:00.000Z";"2018-05-16T23:59:59.999Z";"2018-05-16T02:29:06.000Z";"2018-05-16T10:19:06.000Z";1.0021500587;1.0134299994;0.9903839827;0.9999499917;3238190080;2307025456.48;"2018-05-16T23:59:59.999Z"
"2018-05-15T00:00:00.000Z";"2018-05-15T23:59:59.999Z";"2018-05-15T14:39:07.000Z";"2018-05-15T10:39:06.000Z";1.0005400181;1.0130200386;0.993852973;1.0011399984;3315440128;2209656954.05;"2018-05-15T23:59:59.999Z"
"2018-05-14T00:00:00.000Z";"2018-05-14T23:59:59.999Z";"2018-05-14T03:19:06.000Z";"2018-05-14T13:54:06.000Z";1.0019700527;1.011070013;0.9895070195;1.0012700558;3820280064;2209943882.35;"2018-05-14T23:59:59.999Z"
"2018-05-13T00:00:00.000Z";"2018-05-13T23:59:59.999Z";"2018-05-13T05:04:06.000Z";"2018-05-13T09:34:06.000Z";1.0004899502;1.0065200329;0.9932479858;1.0032500029;3179099904;2214314021.16;"2018-05-13T23:59:59.999Z"
"2018-05-12T00:00:00.000Z";"2018-05-12T23:59:59.999Z";"2018-05-12T06:24:06.000Z";"2018-05-12T09:49:06.000Z";0.9997500181;1.0193400383;0.9847350121;1.0010999441;4539990016;2209568668.41;"2018-05-12T23:59:59.999Z"
"2018-05-11T00:00:00.000Z";"2018-05-11T23:59:59.999Z";"2018-05-11T07:29:06.000Z";"2018-05-11T07:59:06.000Z";1.0040700436;1.0136300325;0.9829959869;1.0022499561;4733060096;2111881880.35;"2018-05-11T23:59:59.999Z"
"2018-05-10T00:00:00.000Z";"2018-05-10T23:59:59.999Z";"2018-05-10T17:19:06.000Z";"2018-05-10T13:19:06.000Z";0.9994220138;1.0111299753;0.9959840178;1.0013400316;3430200064;2109964382.21;"2018-05-10T23:59:59.999Z"
"2018-05-09T00:00:00.000Z";"2018-05-09T23:59:59.999Z";"2018-05-09T03:09:07.000Z";"2018-05-09T12:04:06.000Z";1.0020200014;1.0069899559;0.9931169748;1.0005099773;3236689920;2108215455.33;"2018-05-09T23:59:59.999Z"
"2018-05-08T00:00:00.000Z";"2018-05-08T23:59:59.999Z";"2018-05-08T12:04:06.000Z";"2018-05-08T14:29:07.000Z";0.9987450242;1.0082800388;0.9946749806;1.002120018;3317769984;2111607952.04;"2018-05-08T23:59:59.999Z"
"2018-05-07T00:00:00.000Z";"2018-05-07T23:59:59.999Z";"2018-05-07T01:24:06.000Z";"2018-05-07T08:39:06.000Z";0.9953510165;1.0069299936;0.9908499718;0.9972370267;4137240064;2151180633.45;"2018-05-07T23:59:59.999Z"
"2018-05-06T00:00:00.000Z";"2018-05-06T23:59:59.999Z";"2018-05-06T06:19:06.000Z";"2018-05-06T10:09:06.000Z";0.9959059954;1.0081499815;0.9923210144;0.9972019792;3948859904;2190993213.52;"2018-05-06T23:59:59.999Z"
"2018-05-05T00:00:00.000Z";"2018-05-05T23:59:59.999Z";"2018-05-05T16:04:06.000Z";"2018-05-05T16:24:06.000Z";0.9994480014;1.0013200045;0.9923729897;0.996284008;3848780032;2258716118.26;"2018-05-05T23:59:59.999Z"
"2018-05-04T00:00:00.000Z";"2018-05-04T23:59:59.999Z";"2018-05-04T00:04:06.000Z";"2018-05-04T11:54:06.000Z";1.0058100224;1.0058100224;0.9922040105;0.9985610247;3844979968;2263878397.89;"2018-05-04T23:59:59.999Z"
"2018-05-03T00:00:00.000Z";"2018-05-03T23:59:59.999Z";"2018-05-03T05:54:06.000Z";"2018-05-03T16:49:06.000Z";0.9962670207;1.0052700043;0.9939200282;0.9979730248;4307829760;2312443969.09;"2018-05-03T23:59:59.999Z"
"2018-05-02T00:00:00.000Z";"2018-05-02T23:59:59.999Z";"2018-05-02T01:29:05.000Z";"2018-05-02T06:49:06.000Z";1.0006200075;1.0046499968;0.9927359819;0.9974640012;3711889920;2311264544.42;"2018-05-02T23:59:59.999Z"
"2018-05-01T00:00:00.000Z";"2018-05-01T23:59:59.999Z";"2018-05-01T00:39:06.000Z";"2018-05-01T01:34:14.000Z";1.0002499819;1.0120099783;0.9936329722;1.0034899712;3901110016;2425576634.96;"2018-05-01T23:59:59.999Z"
"2018-04-30T00:00:00.000Z";"2018-04-30T23:59:59.999Z";"2018-04-30T07:09:08.000Z";"2018-04-30T07:29:07.000Z";0.9975529909;1.012830019;0.9929209948;0.9989190102;4498440192;2414527884.3;"2018-04-30T23:59:59.999Z"
"2018-04-29T00:00:00.000Z";"2018-04-29T23:59:59.999Z";"2018-04-29T08:54:07.000Z";"2018-04-29T02:09:07.000Z";0.9988660216;1.0137799978;0.9923040271;0.9980159998;5167799808;2412345206.15;"2018-04-29T23:59:59.999Z"
"2018-04-28T00:00:00.000Z";"2018-04-28T23:59:59.999Z";"2018-04-28T09:04:07.000Z";"2018-04-28T08:39:07.000Z";1.0007799864;1.0088100433;0.991015017;0.999334991;4066050048;2415533414.88;"2018-04-28T23:59:59.999Z"
"2018-04-27T00:00:00.000Z";"2018-04-27T23:59:59.999Z";"2018-04-27T13:24:07.000Z";"2018-04-27T21:14:16.000Z";1.0020500422;1.0084799528;0.9951220155;1.004150033;4060179968;2427171947.9;"2018-04-27T23:59:59.999Z"
"2018-04-26T00:00:00.000Z";"2018-04-26T23:59:59.999Z";"2018-04-26T00:29:07.000Z";"2018-04-26T10:34:07.000Z";1.0022599697;1.0091600418;0.9923809767;0.9996140003;4206320128;2416207797.17;"2018-04-26T23:59:59.999Z"
"2018-04-25T00:00:00.000Z";"2018-04-25T23:59:59.999Z";"2018-04-25T04:39:09.000Z";"2018-04-25T14:59:11.000Z";1.0050899982;1.0170500278;0.9860739708;0.9918090105;6126580224;2397342013.12;"2018-04-25T23:59:59.999Z"
"2018-04-24T00:00:00.000Z";"2018-04-24T23:59:59.999Z";"2018-04-24T14:04:08.000Z";"2018-04-24T00:34:06.000Z";0.9989740252;1.0074499846;0.9902970195;1.0047600269;5033249792;2298027603.79;"2018-04-24T23:59:59.999Z"
"2018-04-23T00:00:00.000Z";"2018-04-23T23:59:59.999Z";"2018-04-23T14:39:06.000Z";"2018-04-23T01:59:06.000Z";0.9951300025;1.0039900541;0.9887800217;0.9978470206;3075480064;2282216599.35;"2018-04-23T23:59:59.999Z"
"2018-04-22T00:00:00.000Z";"2018-04-22T23:59:59.999Z";"2018-04-22T12:14:06.000Z";"2018-04-22T23:44:06.000Z";1.0043100119;1.0111500025;0.9891909957;0.996195972;3176019968;2278440529.87;"2018-04-22T23:59:59.999Z"
"2018-04-21T00:00:00.000Z";"2018-04-21T23:59:59.999Z";"2018-04-21T09:49:06.000Z";"2018-04-21T20:54:07.000Z";0.9970710278;1.0097800493;0.9938160181;0.99901402;3570040064;2284885692.68;"2018-04-21T23:59:59.999Z"
"2018-04-20T00:00:00.000Z";"2018-04-20T23:59:59.999Z";"2018-04-20T05:04:07.000Z";"2018-04-20T22:29:06.000Z";0.9975500107;1.0049099922;0.9882850051;0.9983379841;3458870016;2283339585.49;"2018-04-20T23:59:59.999Z"
"2018-04-19T00:00:00.000Z";"2018-04-19T23:59:59.999Z";"2018-04-19T00:24:07.000Z";"2018-04-19T02:49:06.000Z";0.9979069829;1.0028400421;0.9928889871;0.9971849918;2217799936;2280702512.13;"2018-04-19T23:59:59.999Z"
"2018-04-18T00:00:00.000Z";"2018-04-18T23:59:59.999Z";"2018-04-18T15:04:06.000Z";"2018-04-18T06:54:06.000Z";1.0006599426;1.0085300207;0.9832839966;0.9976090193;2112089984;2281672259.83;"2018-04-18T23:59:59.999Z"
"2018-04-17T00:00:00.000Z";"2018-04-17T23:59:59.999Z";"2018-04-17T18:59:07.000Z";"2018-04-17T07:09:05.000Z";0.9972169995;1.0062799454;0.991320014;0.9985560179;2075650048;2283838182.19;"2018-04-17T23:59:59.999Z"
"2018-04-16T00:00:00.000Z";"2018-04-16T23:59:59.999Z";"2018-04-16T02:14:06.000Z";"2018-04-16T23:04:07.000Z";0.9988840222;1.0102699995;0.9957540035;0.9975919724;2125180032;2281633378.44;"2018-04-16T23:59:59.999Z"
"2018-04-15T00:00:00.000Z";"2018-04-15T23:59:59.999Z";"2018-04-15T01:04:07.000Z";"2018-04-15T11:09:07.000Z";0.9963080287;1.0059399605;0.9865639806;0.9986019731;2057859968;2283943390.66;"2018-04-15T23:59:59.999Z"
"2018-04-14T00:00:00.000Z";"2018-04-14T23:59:59.999Z";"2018-04-14T09:44:07.000Z";"2018-04-14T07:24:07.000Z";1.0018299818;1.0096800327;0.9939939976;0.9997659922;2060220032;2286605622.57;"2018-04-14T23:59:59.999Z"
"2018-04-13T00:00:00.000Z";"2018-04-13T23:59:59.999Z";"2018-04-13T20:39:09.000Z";"2018-04-13T07:59:07.000Z";0.9958389997;1.0098899603;0.9894340038;0.9988949895;3218919936;2284613522.92;"2018-04-13T23:59:59.999Z"
"2018-04-12T00:00:00.000Z";"2018-04-12T23:59:59.999Z";"2018-04-12T11:49:07.000Z";"2018-04-12T11:09:09.000Z";0.9964079857;1.0205899477;0.9860249758;0.9968309999;3636590080;2279892864.28;"2018-04-12T23:59:59.999Z"
"2018-04-11T00:00:00.000Z";"2018-04-11T23:59:59.999Z";"2018-04-11T10:04:07.000Z";"2018-04-11T23:44:07.000Z";0.9975929856;1.002390027;0.992520988;1.0002499819;1741699968;2287712598.72;"2018-04-11T23:59:59.999Z"
"2018-04-10T00:00:00.000Z";"2018-04-10T23:59:59.999Z";"2018-04-10T08:34:05.000Z";"2018-04-10T15:24:06.000Z";0.9969530106;1.0037100315;0.9917439818;0.9973559976;1253949952;2281093613.21;"2018-04-10T23:59:59.999Z"
"2018-04-09T00:00:00.000Z";"2018-04-09T23:59:59.999Z";"2018-04-09T10:19:06.000Z";"2018-04-09T11:09:05.000Z";0.9975410104;1.0089000463;0.9933930039;0.9975550175;1678770048;2281548754.23;"2018-04-09T23:59:59.999Z"
"2018-04-08T00:00:00.000Z";"2018-04-08T23:59:59.999Z";"2018-04-08T16:09:07.000Z";"2018-04-08T05:09:07.000Z";1.0015300512;1.0058000088;0.9950910211;0.9968090057;1090880000;2279842547.18;"2018-04-08T23:59:59.999Z"
"2018-04-07T00:00:00.000Z";"2018-04-07T23:59:59.999Z";"2018-04-07T13:49:05.000Z";"2018-04-07T01:04:06.000Z";1.0017399788;1.0057799816;0.9865199924;0.9996439815;1332259968;2286326591.39;"2018-04-07T23:59:59.999Z"
"2018-04-06T00:00:00.000Z";"2018-04-06T23:59:59.999Z";"2018-04-06T06:04:06.000Z";"2018-04-06T11:09:05.000Z";1.0003099442;1.0110100508;0.9913759828;1.0010900497;1257110016;2289633797.01;"2018-04-06T23:59:59.999Z"
"2018-04-05T00:00:00.000Z";"2018-04-05T23:59:59.999Z";"2018-04-05T12:09:05.000Z";"2018-04-05T13:49:05.000Z";1.0020500422;1.0097600222;0.9874340296;1.0025299788;1609469952;2292927279.78;"2018-04-05T23:59:59.999Z"
"2018-04-04T00:00:00.000Z";"2018-04-04T23:59:59.999Z";"2018-04-04T14:09:06.000Z";"2018-04-04T16:04:05.000Z";1.0039800406;1.0145200491;0.9942700267;1.0008300543;1772329984;2289039140.4;"2018-04-04T23:59:59.999Z"
"2018-04-03T00:00:00.000Z";"2018-04-03T23:59:59.999Z";"2018-04-03T10:34:05.000Z";"2018-04-03T02:59:05.000Z";0.9975870252;1.0070400238;0.9950730205;1.0003700256;1753520000;2287987055.62;"2018-04-03T23:59:59.999Z"
"2018-04-02T00:00:00.000Z";"2018-04-02T23:59:59.999Z";"2018-04-02T04:54:06.000Z";"2018-04-02T00:44:05.000Z";1.0033299923;1.0072499514;0.9880599976;1.0001300573;1550880000;2287438141.83;"2018-04-02T23:59:59.999Z"
"2018-04-01T00:00:00.000Z";"2018-04-01T23:59:59.999Z";"2018-04-01T13:24:04.000Z";"2018-04-01T16:14:05.000Z";0.9957020283;1.0098500252;0.9807779789;0.9998099804;1832530048;2286706256.77;"2018-04-01T23:59:59.999Z"
"2018-03-31T00:00:00.000Z";"2018-03-31T23:59:59.999Z";"2018-03-31T06:49:06.000Z";"2018-03-31T00:14:05.000Z";0.9970139861;1.0084899664;0.9935690165;1.0007699728;1763719936;2288901911.95;"2018-03-31T23:59:59.999Z"
"2018-03-30T00:00:00.000Z";"2018-03-30T23:59:59.999Z";"2018-03-30T16:39:05.000Z";"2018-03-30T05:29:06.000Z";0.9958969951;1.0084700584;0.9796329737;0.9989429712;2596849920;2284723305.68;"2018-03-30T23:59:59.999Z"
"2018-03-29T00:00:00.000Z";"2018-03-29T23:59:59.999Z";"2018-03-29T04:19:05.000Z";"2018-03-29T21:59:05.000Z";1.0025999546;1.0110199451;0.9824720025;0.9986230135;2486609920;2283991420.62;"2018-03-29T23:59:59.999Z"
"2018-03-28T00:00:00.000Z";"2018-03-28T23:59:59.999Z";"2018-03-28T14:14:06.000Z";"2018-03-28T09:09:06.000Z";1.0022799969;1.0099899769;0.9937210083;0.99920398;1857049984;2285320249.43;"2018-03-28T23:59:59.999Z"
"2018-03-27T00:00:00.000Z";"2018-03-27T23:59:59.999Z";"2018-03-27T01:59:05.000Z";"2018-03-27T13:59:05.000Z";1.0024199486;1.012920022;0.9894729853;1.0016100407;2051079936;2290823110.23;"2018-03-27T23:59:59.999Z"
"2018-03-26T00:00:00.000Z";"2018-03-26T23:59:59.999Z";"2018-03-26T17:14:05.000Z";"2018-03-26T22:14:06.000Z";0.9965999722;1.0130800009;0.9836819768;1.0034099817;2183960064;2294939963.69;"2018-03-26T23:59:59.999Z"
"2018-03-25T00:00:00.000Z";"2018-03-25T23:59:59.999Z";"2018-03-25T22:54:05.000Z";"2018-03-25T12:44:05.000Z";1.0001200438;1.0101799965;0.9944819808;0.9996860027;1511320064;2286422651.3;"2018-03-25T23:59:59.999Z"
"2018-03-24T00:00:00.000Z";"2018-03-24T23:59:59.999Z";"2018-03-24T23:59:05.000Z";"2018-03-24T12:49:05.000Z";1.0016399622;1.0090999603;0.9942989945;1.0090999603;1785500032;2307953794.92;"2018-03-24T23:59:59.999Z"
"2018-03-23T00:00:00.000Z";"2018-03-23T23:59:59.999Z";"2018-03-23T02:19:05.000Z";"2018-03-23T23:59:05.000Z";0.9992210269;1.0086100101;0.990234971;0.990234971;1995699968;2264806883.48;"2018-03-23T23:59:59.999Z"
"2018-03-22T00:00:00.000Z";"2018-03-22T23:59:59.999Z";"2018-03-22T09:29:04.000Z";"2018-03-22T00:59:05.000Z";0.9994599819;1.0111800432;0.9934679866;0.9989820123;2171849984;2284812504.17;"2018-03-22T23:59:59.999Z"
"2018-03-21T00:00:00.000Z";"2018-03-21T23:59:59.999Z";"2018-03-21T16:19:04.000Z";"2018-03-21T04:29:05.000Z";0.9969379902;1.0090099573;0.9926469922;0.9992439747;2353890048;2215464655.06;"2018-03-21T23:59:59.999Z"
"2018-03-20T00:00:00.000Z";"2018-03-20T23:59:59.999Z";"2018-03-20T20:44:04.000Z";"2018-03-20T16:19:05.000Z";1.0060199499;1.0063300133;0.9895700216;0.9968320131;2506319872;2210116911.42;"2018-03-20T23:59:59.999Z"
"2018-03-19T00:00:00.000Z";"2018-03-19T23:59:59.999Z";"2018-03-19T17:04:06.000Z";"2018-03-19T00:04:05.000Z";0.9821940064;1.0208200216;0.9821940064;0.989866972;2638089984;2194674525.66;"2018-03-19T23:59:59.999Z"
"2018-03-18T00:00:00.000Z";"2018-03-18T23:59:59.999Z";"2018-03-18T22:04:06.000Z";"2018-03-18T21:59:05.000Z";1.0051699877;1.0135200024;0.979780972;1.0030800104;2639470080;2223969607.23;"2018-03-18T23:59:59.999Z"
"2018-03-17T00:00:00.000Z";"2018-03-17T23:59:59.999Z";"2018-03-17T12:04:05.000Z";"2018-03-17T08:54:05.000Z";1.0015499592;1.0095900297;0.9907310009;1.0016200542;1687920000;2220732581.64;"2018-03-17T23:59:59.999Z"
"2018-03-16T00:00:00.000Z";"2018-03-16T23:59:59.999Z";"2018-03-16T23:44:05.000Z";"2018-03-16T13:24:05.000Z";0.9975090027;1.0115100145;0.9895669818;0.9985510111;1872050048;2213928176.48;"2018-03-16T23:59:59.999Z"
"2018-03-15T00:00:00.000Z";"2018-03-15T23:59:59.999Z";"2018-03-15T15:04:05.000Z";"2018-03-15T08:49:05.000Z";1.0006599426;1.0119199753;0.9849389791;1.0012799501;2259869952;2219978753.76;"2018-03-15T23:59:59.999Z"
"2018-03-14T00:00:00.000Z";"2018-03-14T23:59:59.999Z";"2018-03-14T16:44:05.000Z";"2018-03-14T22:04:06.000Z";0.996581018;1.0203299522;0.9913370013;1.0027500391;2151670016;2223237950.76;"2018-03-14T23:59:59.999Z"
"2018-03-13T00:00:00.000Z";"2018-03-13T23:59:59.999Z";"2018-03-13T10:14:05.000Z";"2018-03-13T04:09:05.000Z";1.0018399954;1.0120899677;0.987195015;0.9998430014;1890040064;2216792722.41;"2018-03-13T23:59:59.999Z"
"2018-03-12T00:00:00.000Z";"2018-03-12T23:59:59.999Z";"2018-03-12T14:24:05.000Z";"2018-03-12T09:34:05.000Z";1.000180006;1.0140800476;0.9885299802;1.0023499727;2155559936;2222351094.43;"2018-03-12T23:59:59.999Z"
"2018-03-11T00:00:00.000Z";"2018-03-11T23:59:59.999Z";"2018-03-11T15:44:05.000Z";"2018-03-11T11:49:05.000Z";1.003469944;1.0135600567;0.9947090149;1.0038399696;2394810112;2225654634.24;"2018-03-11T23:59:59.999Z"
"2018-03-10T00:00:00.000Z";"2018-03-10T23:59:59.999Z";"2018-03-10T03:14:05.000Z";"2018-03-10T06:04:04.000Z";0.9976069927;1.013479948;0.9949359894;1.0051900148;2218810112;2228647774.34;"2018-03-10T23:59:59.999Z"
"2018-03-09T00:00:00.000Z";"2018-03-09T23:59:59.999Z";"2018-03-09T05:54:06.000Z";"2018-03-09T11:49:05.000Z";0.9997230172;1.0134899616;0.9885640144;1.0016599894;3131620096;2220821267.27;"2018-03-09T23:59:59.999Z"
"2018-03-08T00:00:00.000Z";"2018-03-08T23:59:59.999Z";"2018-03-08T12:34:06.000Z";"2018-03-08T17:24:05.000Z";1.0015300512;1.0113400221;0.9857339859;1.0059100389;2636689920;2230244115.73;"2018-03-08T23:59:59.999Z"
"2018-03-07T00:00:00.000Z";"2018-03-07T23:59:59.999Z";"2018-03-07T16:44:11.000Z";"2018-03-07T17:29:05.000Z";0.9983540177;1.0241199732;0.9813780189;1.0024800301;3037380096;2222639322.74;"2018-03-07T23:59:59.999Z"
"2018-03-06T00:00:00.000Z";"2018-03-06T23:59:59.999Z";"2018-03-06T10:34:05.000Z";"2018-03-06T19:39:05.000Z";1.0050400496;1.0059599876;0.9962599874;1.0004999638;2491849984;2218249383.93;"2018-03-06T23:59:59.999Z"
"2018-03-05T00:00:00.000Z";"2018-03-05T23:59:59.999Z";"2018-03-05T08:39:05.000Z";"2018-03-05T12:04:05.000Z";0.9975209832;1.0017199516;0.9950190187;0.9988639951;2227680000;2214622141.56;"2018-03-05T23:59:59.999Z"
"2018-03-04T00:00:00.000Z";"2018-03-04T23:59:59.999Z";"2018-03-04T03:34:04.000Z";"2018-03-04T23:49:05.000Z";1.0001900196;1.0049500465;0.9952870011;0.9976119995;2133910016;2211846281.26;"2018-03-04T23:59:59.999Z"
"2018-03-03T00:00:00.000Z";"2018-03-03T23:59:59.999Z";"2018-03-03T20:34:05.000Z";"2018-03-03T02:39:05.000Z";0.9952480197;1.0061899424;0.9934769869;1.0008699894;2181489920;2219069726.03;"2018-03-03T23:59:59.999Z"
"2018-03-02T00:00:00.000Z";"2018-03-02T23:59:59.999Z";"2018-03-02T05:04:06.000Z";"2018-03-02T01:29:06.000Z";0.9981889725;1.0055999756;0.9944390059;0.999729991;2172250112;2216542185.5;"2018-03-02T23:59:59.999Z"
"2018-03-01T00:00:00.000Z";"2018-03-01T23:59:59.999Z";"2018-03-01T00:09:06.000Z";"2018-03-01T10:14:05.000Z";0.9998469949;1.0051800013;0.9956790209;1.0004199743;2285570048;2218072012.66;"2018-03-01T23:59:59.999Z"
"2018-02-28T00:00:00.000Z";"2018-02-28T23:59:59.999Z";"2018-02-28T07:09:05.000Z";"2018-02-28T03:29:05.000Z";1.0032900572;1.0070500374;0.992790997;0.9989029765;2414230016;2214708610.05;"2018-02-28T23:59:59.999Z"
"2018-02-27T00:00:00.000Z";"2018-02-27T23:59:59.999Z";"2018-02-27T10:44:05.000Z";"2018-02-27T07:54:05.000Z";0.9986770153;1.0084700584;0.9916419983;1.0005199909;2473019904;2218293726.74;"2018-02-27T23:59:59.999Z"
"2018-02-26T00:00:00.000Z";"2018-02-26T23:59:59.999Z";"2018-02-26T06:44:06.000Z";"2018-02-26T13:04:05.000Z";0.9976639748;1.0095200539;0.989677012;0.9995610118;2362210048;2216167488.7;"2018-02-26T23:59:59.999Z"
"2018-02-25T00:00:00.000Z";"2018-02-25T23:59:59.999Z";"2018-02-25T08:44:05.000Z";"2018-02-25T04:09:05.000Z";1.0047899485;1.0089999437;0.9962289929;1.0003399849;1968850048;2217894641.4;"2018-02-25T23:59:59.999Z"
"2018-02-24T00:00:00.000Z";"2018-02-24T23:59:59.999Z";"2018-02-24T06:39:05.000Z";"2018-02-24T10:54:05.000Z";1.0011399984;1.0140000582;0.9938870072;1.0028400421;2417710080;2223437493.43;"2018-02-24T23:59:59.999Z"
"2018-02-23T00:00:00.000Z";"2018-02-23T23:59:59.999Z";"2018-02-23T16:29:05.000Z";"2018-02-23T09:39:06.000Z";1.0084500313;1.0096600056;0.9937019944;1.0015699863;2815280128;2220621724.6;"2018-02-23T23:59:59.999Z"
"2018-02-22T00:00:00.000Z";"2018-02-22T23:59:59.999Z";"2018-02-22T12:34:05.000Z";"2018-02-22T10:39:04.000Z";1.0015300512;1.0107500553;0.9939979911;1.0040899515;2904620032;2226208919.45;"2018-02-22T23:59:59.999Z"
"2018-02-21T00:00:00.000Z";"2018-02-21T23:59:59.999Z";"2018-02-21T14:14:06.000Z";"2018-02-21T04:24:05.000Z";1.0053600073;1.0103900433;0.988699019;1.000970006;3459830016;2219291440.11;"2018-02-21T23:59:59.999Z"
"2018-02-20T00:00:00.000Z";"2018-02-20T23:59:59.999Z";"2018-02-20T22:49:05.000Z";"2018-02-20T23:24:04.000Z";1.0006500483;1.0096100569;0.9940810204;1.0006099939;3126220032;2218493269.42;"2018-02-20T23:59:59.999Z"
"2018-02-19T00:00:00.000Z";"2018-02-19T23:59:59.999Z";"2018-02-19T02:24:06.000Z";"2018-02-19T07:24:05.000Z";1.001330018;1.0060800314;0.9940410256;1.0006099939;2546439936;2218493269.42;"2018-02-19T23:59:59.999Z"
"2018-02-18T00:00:00.000Z";"2018-02-18T23:59:59.999Z";"2018-02-18T05:14:04.000Z";"2018-02-18T17:04:04.000Z";1.0046800375;1.016190052;0.9988319874;1.0051900148;3124179968;2228647774.34;"2018-02-18T23:59:59.999Z"
"2018-02-17T00:00:00.000Z";"2018-02-17T23:59:59.999Z";"2018-02-17T13:09:05.000Z";"2018-02-17T01:39:05.000Z";1.0047399998;1.0116100311;0.9969189763;1.0037000179;2797600000;2225344234.53;"2018-02-17T23:59:59.999Z"
"2018-02-16T00:00:00.000Z";"2018-02-16T23:59:59.999Z";"2018-02-16T07:39:06.000Z";"2018-02-16T08:14:05.000Z";1.0050400496;1.0100200176;0.9967460036;1.0020999908;2605819904;2221796809.23;"2018-02-16T23:59:59.999Z"
"2018-02-15T00:00:00.000Z";"2018-02-15T23:59:59.999Z";"2018-02-15T10:19:06.000Z";"2018-02-15T22:44:05.000Z";1.0050400496;1.019209981;0.9972029924;1.005409956;3286909952;2229135545.32;"2018-02-15T23:59:59.999Z"
"2018-02-14T00:00:00.000Z";"2018-02-14T23:59:59.999Z";"2018-02-14T14:24:06.000Z";"2018-02-14T02:04:05.000Z";0.9977149963;1.0068099499;0.9932919741;1.0007699728;3066190080;2218848011.95;"2018-02-14T23:59:59.999Z"
"2018-02-13T00:00:00.000Z";"2018-02-13T23:59:59.999Z";"2018-02-13T08:24:05.000Z";"2018-02-13T20:19:05.000Z";1.0008000135;1.0086499453;0.9959310293;1.0010999441;2226759936;2219579668.41;"2018-02-13T23:59:59.999Z"
"2018-02-12T00:00:00.000Z";"2018-02-12T23:59:59.999Z";"2018-02-12T14:19:05.000Z";"2018-02-12T08:14:06.000Z";1.0002100468;1.0079599619;0.9908120036;1.000090003;2457489920;2217340356.19;"2018-02-12T23:59:59.999Z"
"2018-02-11T00:00:00.000Z";"2018-02-11T23:59:59.999Z";"2018-02-11T04:29:04.000Z";"2018-02-11T12:24:05.000Z";1.0049200058;1.0125199556;0.9927279949;0.999251008;2431739904;2215480175.05;"2018-02-11T23:59:59.999Z"
"2018-02-10T00:00:00.000Z";"2018-02-10T23:59:59.999Z";"2018-02-10T16:39:05.000Z";"2018-02-10T21:34:06.000Z";1.0034799576;1.014950037;0.9933459759;1.0037000179;2628379904;2225344234.53;"2018-02-10T23:59:59.999Z"
"2018-02-09T00:00:00.000Z";"2018-02-09T23:59:59.999Z";"2018-02-09T18:24:05.000Z";"2018-02-09T22:54:05.000Z";1.0210900307;1.0481799841;0.9950489998;1.0021100044;1631139968;2221818980.64;"2018-02-09T23:59:59.999Z"
"2018-02-08T00:00:00.000Z";"2018-02-08T23:59:59.999Z";"2018-02-08T10:39:06.000Z";"2018-02-08T01:19:07.000Z";0.9949700236;1.0340299606;0.9875339866;1.0189100504;2466619904;2259066946.3;"2018-02-08T23:59:59.999Z"
"2018-02-07T00:00:00.000Z";"2018-02-07T23:59:59.999Z";"2018-02-07T03:09:06.000Z";"2018-02-07T07:44:06.000Z";1.0021500587;1.0198899508;0.984646976;1.0013999939;3307539968;2220244810.66;"2018-02-07T23:59:59.999Z"
"2018-02-06T00:00:00.000Z";"2018-02-06T23:59:59.999Z";"2018-02-06T14:34:06.000Z";"2018-02-06T05:19:06.000Z";0.9785000086;1.0201699734;0.9583179951;1.0100899935;6247249920;2239511764.33;"2018-02-06T23:59:59.999Z"
"2018-02-05T00:00:00.000Z";"2018-02-05T23:59:59.999Z";"2018-02-05T20:59:06.000Z";"2018-02-05T20:09:08.000Z";0.9957939982;1.016280055;0.9447770119;0.9963080287;4078980096;2208955129.64;"2018-02-05T23:59:59.999Z"
"2018-02-04T00:00:00.000Z";"2018-02-04T23:59:59.999Z";"2018-02-04T23:59:06.000Z";"2018-02-04T12:24:07.000Z";1.0043799877;1.0101300478;0.9752089977;1.0101300478;2504640000;2239600449.96;"2018-02-04T23:59:59.999Z"
"2018-02-03T00:00:00.000Z";"2018-02-03T23:59:59.999Z";"2018-02-03T15:54:06.000Z";"2018-02-03T05:59:06.000Z";0.9940710068;1.0158699751;0.982878983;1.0013099909;2488529920;2220045267.99;"2018-02-03T23:59:59.999Z"
"2018-02-02T00:00:00.000Z";"2018-02-02T23:59:59.999Z";"2018-02-02T14:29:06.000Z";"2018-02-02T12:54:06.000Z";0.9862939715;1.0202300549;0.9251440167;0.9907469749;4785869824;2196625609.57;"2018-02-02T23:59:59.999Z"
"2018-02-01T00:00:00.000Z";"2018-02-01T23:59:59.999Z";"2018-02-01T08:14:07.000Z";"2018-02-01T20:29:06.000Z";0.9915580153;1.0116100311;0.9547709823;0.986939013;3498899968;2188182737.35;"2018-02-01T23:59:59.999Z"
"2018-01-31T00:00:00.000Z";"2018-01-31T23:59:59.999Z";"2018-01-31T11:54:07.000Z";"2018-01-31T01:14:07.000Z";0.9925379753;1.0025999546;0.9714030027;0.9902740121;2663930112;2195576901.97;"2018-01-31T23:59:59.999Z"
"2018-01-30T00:00:00.000Z";"2018-01-30T23:59:59.999Z";"2018-01-30T15:24:06.000Z";"2018-01-30T19:39:07.000Z";0.9986720085;1.0123800039;0.9754359722;0.9864860177;3108630016;2216772952.57;"2018-01-30T23:59:59.999Z"
"2018-01-29T00:00:00.000Z";"2018-01-29T23:59:59.999Z";"2018-01-29T01:29:06.000Z";"2018-01-29T02:19:06.000Z";0.9884399772;1.0015799999;0.9817180037;0.9953190088;2031160064;2267427080.38;"2018-01-29T23:59:59.999Z"
"2018-01-28T00:00:00.000Z";"2018-01-28T23:59:59.999Z";"2018-01-28T01:29:06.000Z";"2018-01-28T10:39:05.000Z";0.996547997;1.0010999441;0.981275022;0.9887899756;2546639872;2252553425.39;"2018-01-28T23:59:59.999Z"
"2018-01-27T00:00:00.000Z";"2018-01-27T23:59:59.999Z";"2018-01-27T02:59:06.000Z";"2018-01-27T15:49:06.000Z";1.0028100014;1.0097999573;0.9922270179;0.993324995;2051980032;1607290066.76;"2018-01-27T23:59:59.999Z"
"2018-01-26T00:00:00.000Z";"2018-01-26T23:59:59.999Z";"2018-01-26T08:09:07.000Z";"2018-01-26T16:04:06.000Z";0.9975709915;1.0215400457;0.9857670069;1.0041400194;2957009920;1624789719.01;"2018-01-26T23:59:59.999Z"
"2018-01-25T00:00:00.000Z";"2018-01-25T23:59:59.999Z";"2018-01-25T01:54:05.000Z";"2018-01-25T18:04:06.000Z";1.0055299997;1.012740016;0.9873579741;0.9995949864;2571930112;1617435496.22;"2018-01-25T23:59:59.999Z"
"2018-01-24T00:00:00.000Z";"2018-01-24T23:59:59.999Z";"2018-01-24T10:34:07.000Z";"2018-01-24T12:24:06.000Z";1.0008399487;1.0306999683;0.9922459722;0.9974840283;2620630016;1614019706.49;"2018-01-24T23:59:59.999Z"
"2018-01-23T00:00:00.000Z";"2018-01-23T23:59:59.999Z";"2018-01-23T05:09:05.000Z";"2018-01-23T16:29:06.000Z";1.0039999485;1.0195300579;0.9844740033;1.0050499439;3126830080;1626262181.66;"2018-01-23T23:59:59.999Z"
"2018-01-22T00:00:00.000Z";"2018-01-22T23:59:59.999Z";"2018-01-22T21:09:05.000Z";"2018-01-22T16:04:06.000Z";1.0039999485;1.0193099976;0.991509974;1.0050400496;3274899968;1626246000.75;"2018-01-22T23:59:59.999Z"
"2018-01-21T00:00:00.000Z";"2018-01-21T23:59:59.999Z";"2018-01-21T05:04:05.000Z";"2018-01-21T12:04:07.000Z";1.0029200315;1.0266100168;0.9970690012;0.999861002;3302010112;1617865908.38;"2018-01-21T23:59:59.999Z"
"2018-01-20T00:00:00.000Z";"2018-01-20T23:59:59.999Z";"2018-01-20T01:39:05.000Z";"2018-01-20T05:39:06.000Z";1.0069899559;1.0134999752;0.9914429784;1.0011099577;2942779904;1619886903.81;"2018-01-20T23:59:59.999Z"
"2018-01-19T00:00:00.000Z";"2018-01-19T23:59:59.999Z";"2018-01-19T03:14:06.000Z";"2018-01-19T18:49:06.000Z";1.0233199596;1.0422199965;1.0024900436;1.0045399666;2876989952;1625436955.34;"2018-01-19T23:59:59.999Z"
"2018-01-18T00:00:00.000Z";"2018-01-18T23:59:59.999Z";"2018-01-18T17:59:06.000Z";"2018-01-18T01:19:06.000Z";1.0172599554;1.0398999453;1.0012700558;1.0231100321;4302300160;1655484901.92;"2018-01-18T23:59:59.999Z"
"2018-01-17T00:00:00.000Z";"2018-01-17T23:59:59.999Z";"2018-01-17T03:24:05.000Z";"2018-01-17T16:29:05.000Z";1.0328700542;1.0698900223;0.997739017;1.0145299435;5588839936;1641601682.66;"2018-01-17T23:59:59.999Z"
"2018-01-16T00:00:00.000Z";"2018-01-16T23:59:59.999Z";"2018-01-16T22:29:06.000Z";"2018-01-16T10:29:07.000Z";1.0067700148;1.0464500189;0.9990010262;1.0341500044;5552929792;1673348624.61;"2018-01-16T23:59:59.999Z"
"2018-01-15T00:00:00.000Z";"2018-01-15T23:59:59.999Z";"2018-01-15T08:04:04.000Z";"2018-01-15T12:59:05.000Z";1.0153900385;1.0240000486;1.0017199516;1.0066200495;2557179904;1477808591.24;"2018-01-15T23:59:59.999Z"
"2018-01-14T00:00:00.000Z";"2018-01-14T23:59:59.999Z";"2018-01-14T12:44:04.000Z";"2018-01-14T02:39:04.000Z";1.0043599606;1.0403100252;1.0006400347;1.016119957;2960410112;1491755444.68;"2018-01-14T23:59:59.999Z"
"2018-01-13T00:00:00.000Z";"2018-01-13T23:59:59.999Z";"2018-01-13T03:19:04.000Z";"2018-01-13T16:09:05.000Z";1.0041300058;1.01256001;0.9965760112;1.0020200014;2759879936;1471055377.99;"2018-01-13T23:59:59.999Z"
"2018-01-12T00:00:00.000Z";"2018-01-12T23:59:59.999Z";"2018-01-12T16:24:05.000Z";"2018-01-12T03:44:05.000Z";1.0062500238;1.0190999508;0.9977110028;1.0060800314;2668219904;1477015822.73;"2018-01-12T23:59:59.999Z"
"2018-01-11T00:00:00.000Z";"2018-01-11T23:59:59.999Z";"2018-01-11T03:49:05.000Z";"2018-01-11T15:09:05.000Z";0.9999759793;1.0235199928;0.9901980162;1.0017100573;3841110016;1470600270.14;"2018-01-11T23:59:59.999Z"
"2018-01-10T00:00:00.000Z";"2018-01-10T23:59:59.999Z";"2018-01-10T10:34:05.000Z";"2018-01-10T22:59:05.000Z";1.0051499605;1.0138200521;0.9964460135;1.0012799501;3189860096;1469968991.51;"2018-01-10T23:59:59.999Z"
"2018-01-09T00:00:00.000Z";"2018-01-09T23:59:59.999Z";"2018-01-09T05:49:05.000Z";"2018-01-09T14:09:05.000Z";1.0085799694;1.0142999887;1.0006599426;1.0059900284;2766180096;1476883694.64;"2018-01-09T23:59:59.999Z"
"2018-01-08T00:00:00.000Z";"2018-01-08T23:59:59.999Z";"2018-01-08T15:09:05.000Z";"2018-01-08T03:29:05.000Z";1.0051399469;1.0423599482;0.9976170063;1.0093200207;3815749888;1481772433.8;"2018-01-08T23:59:59.999Z"
"2018-01-07T00:00:00.000Z";"2018-01-07T23:59:59.999Z";"2018-01-07T04:04:05.000Z";"2018-01-07T22:54:04.000Z";1.0072699785;1.0157200098;0.9982079864;1.0015699863;2338180096;1470394737.56;"2018-01-07T23:59:59.999Z"
"2018-01-06T00:00:00.000Z";"2018-01-06T23:59:59.999Z";"2018-01-06T22:14:05.000Z";"2018-01-06T00:24:04.000Z";1.0002800226;1.0120899677;0.9968469739;1.0089900494;2620080128;1481287964.15;"2018-01-06T23:59:59.999Z"
"2018-01-05T00:00:00.000Z";"2018-01-05T23:59:59.999Z";"2018-01-05T01:14:05.000Z";"2018-01-05T17:44:05.000Z";1.0017499924;1.0050100088;0.9859150052;0.9986339808;3096620032;1466084425.8;"2018-01-05T23:59:59.999Z"
"2018-01-04T00:00:00.000Z";"2018-01-04T23:59:59.999Z";"2018-01-04T00:24:05.000Z";"2018-01-04T20:49:05.000Z";1.0132000446;1.0161800385;0.9938219786;1.0025299788;3200130048;1471804103.81;"2018-01-04T23:59:59.999Z"
"2018-01-03T00:00:00.000Z";"2018-01-03T23:59:59.999Z";"2018-01-03T10:19:05.000Z";"2018-01-03T02:49:04.000Z";1.0066000223;1.0232800245;1.0026400089;1.0134400129;2471689984;1386476963.92;"2018-01-03T23:59:59.999Z"
"2018-01-02T00:00:00.000Z";"2018-01-02T23:59:59.999Z";"2018-01-02T01:39:05.000Z";"2018-01-02T19:34:05.000Z";1.0057400465;1.0098799467;0.9932500124;1.0048999786;2635859968;1374793476.72;"2018-01-02T23:59:59.999Z"
"2018-01-01T00:00:00.000Z";"2018-01-01T23:59:59.999Z";"2018-01-01T12:29:05.000Z";"2018-01-01T15:29:05.000Z";1.0125499964;1.0153599977;1.0015300512;1.0072799921;1685299968;1378049530.53;"2018-01-01T23:59:59.999Z"